	variant	chr	pos	ref	alt	effect_allele	other_allele	gene	gene_symbol	effect_size	log2_fold_change	p_nominal_nlog10	fdr_nlog10	fdr_method	power	VariantID_h19
0	NC_000010.11:79347410::AACGGAGC	chr10	79347410		AACGGAGC	AACGGAGC		ENSG00000108179	PPIF	-0.008734098	-0.0126559900076721	0.3930890777610925	0.3823652123169448	Benjamini-Hochberg	0.003896261	chr10:81107165:G>GAACGGAGC
1	NC_000010.11:79347410::AAGATGGC	chr10	79347410		AAGATGGC	AAGATGGC		ENSG00000108179	PPIF	-0.1021959609999999	-0.1555275082884345	4.333482019445119	4.020907099361674	Benjamini-Hochberg	0.997288345	chr10:81107165:G>GAAGATGGC
2	NC_000010.11:79347410::AAGTAGGC	chr10	79347410		AAGTAGGC	AAGTAGGC		ENSG00000108179	PPIF	0.1691351670000001	0.2254417335373481	4.576754126063192	4.122628654130226	Benjamini-Hochberg	0.999623305	chr10:81107165:G>GAAGTAGGC
3	NC_000010.11:79347410::ACAGTCAT	chr10	79347410		ACAGTCAT	ACAGTCAT		ENSG00000108179	PPIF	0.132748228	0.1798272339917903	4.522878745280337	4.122628654130226	Benjamini-Hochberg	0.999391999	chr10:81107165:G>GACAGTCAT
4	NC_000010.11:79347410::ACCATCCA	chr10	79347410		ACCATCCA	ACCATCCA		ENSG00000108179	PPIF	0.0274606029999999	0.0390830761977525	2.24083335588511	2.1721175674916746	Benjamini-Hochberg	0.24170098	chr10:81107165:G>GACCATCCA
5	NC_000010.11:79347410::ACCATGGA	chr10	79347410		ACCATGGA	ACCATGGA		ENSG00000108179	PPIF	0.099066192	0.1362782761820188	3.469818237632606	3.334155510641568	Benjamini-Hochberg	0.854551119	chr10:81107165:G>GACCATGGA
6	NC_000010.11:79347409:G:GACCGCTAG	chr10	79347409	G	GACCGCTAG	GACCGCTAG	G	ENSG00000108179	PPIF	0.2406301660000001	0.3110731096688462	5.294136287716081	4.636388020107856	Benjamini-Hochberg	0.999999978	chr10:81107165:G>GACCGCTAG
7	NC_000010.11:79347409:G:GACCGGAAG	chr10	79347409	G	GACCGGAAG	GACCGGAAG	G	ENSG00000108179	PPIF	0.20770124	0.2722636062535308	4.576754126063192	4.122628654130226	Benjamini-Hochberg	0.999626441	chr10:81107165:G>GACCGGAAG
8	NC_000010.11:79347410::ACTTAAGA	chr10	79347410		ACTTAAGA	ACTTAAGA		ENSG00000108179	PPIF	0.1612981280000001	0.2157383878571177	3.6943563326548055	3.543971207477721	Benjamini-Hochberg	0.927298184	chr10:81107165:G>GACTTAAGA
9	NC_000010.11:79347410::AGAGAGCC	chr10	79347410		AGAGAGCC	AGAGAGCC		ENSG00000108179	PPIF	-0.093905427	-0.1422664564509087	3.7238255226529184	3.5550968372045384	Benjamini-Hochberg	0.934567015	chr10:81107165:G>GAGAGAGCC
10	NC_000010.11:79347410::AGATAAGA	chr10	79347410		AGATAAGA	AGATAAGA		ENSG00000108179	PPIF	0.1351175	0.1828416436777487	3.2719994795571594	3.1643658587558807	Benjamini-Hochberg	0.766558813	chr10:81107165:G>GAGATAAGA
11	NC_000010.11:79347410::AGCACCAT	chr10	79347410		AGCACCAT	AGCACCAT		ENSG00000108179	PPIF	0.043178814	0.0609864751728982	2.1260399388858477	2.06955857019007	Benjamini-Hochberg	0.201404169	chr10:81107165:G>GAGCACCAT
12	NC_000010.11:79347410::AGCGCTAA	chr10	79347410		AGCGCTAA	AGCGCTAA		ENSG00000108179	PPIF	0.1625696270000001	0.2173171226890824	4.931814138253839	4.318758762624412	Benjamini-Hochberg	0.999992771	chr10:81107165:G>GAGCGCTAA
13	NC_000010.11:79347410::AGTCAGAT	chr10	79347410		AGTCAGAT	AGTCAGAT		ENSG00000108179	PPIF	0.122179835	0.1663038936585731	3.158974827127626	3.0776695819544297	Benjamini-Hochberg	0.70846891	chr10:81107165:G>GAGTCAGAT
14	NC_000010.11:79347408:CG:CGATACAGCG	chr10	79347408	CG	CGATACAGCG	CGATACAGCG	CG	ENSG00000108179	PPIF	0.2305181929999999	0.2992659879519846	3.3372695486162383	3.215847201500968	Benjamini-Hochberg	0.797731661	chr10:81107165:G>GATACAGCG
15	NC_000010.11:79347410::CAGCTAGT	chr10	79347410		CAGCTAGT	CAGCTAGT		ENSG00000108179	PPIF	0.1034149099999999	0.1419753802707271	1.924796997325572	1.8802148646728312	Benjamini-Hochberg	0.143174136	chr10:81107165:G>GCAGCTAGT
16	NC_000010.11:79347410::CAGGAAGT	chr10	79347410		CAGGAAGT	CAGGAAGT		ENSG00000108179	PPIF	0.34948559	0.4324095715831758	4.718966632752273	4.184422251675732	Benjamini-Hochberg	0.999907736	chr10:81107165:G>GCAGGAAGT
17	NC_000010.11:79347409:G:GCCAATCAG	chr10	79347409	G	GCCAATCAG	GCCAATCAG	G	ENSG00000108179	PPIF	0.1474708440000001	0.1984574967754684	5.493494967595128	4.782516055786093	Benjamini-Hochberg	1.0	chr10:81107165:G>GCCAATCAG
18	NC_000010.11:79347410::CCACCAGC	chr10	79347410		CCACCAGC	CCACCAGC		ENSG00000108179	PPIF	0.016464349	0.0235596156520306	1.4824940156335074	1.4494937629304216	Benjamini-Hochberg	0.061814524	chr10:81107165:G>GCCACCAGC
19	NC_000010.11:79347410::CCACGTGC	chr10	79347410		CCACGTGC	CCACGTGC		ENSG00000108179	PPIF	-0.226205238	-0.3699771320175811	6.0996328713435295	5.265200170411153	Benjamini-Hochberg	1.0	chr10:81107165:G>GCCACGTGC
20	NC_000010.11:79347410::CCCCAAGT	chr10	79347410		CCCCAAGT	CCCCAAGT		ENSG00000108179	PPIF	0.068121608	0.0950759103876883	4.0343280287798935	3.801780176279014	Benjamini-Hochberg	0.983122636	chr10:81107165:G>GCCCCAAGT
21	NC_000010.11:79347410::CCGGAAGT	chr10	79347410		CCGGAAGT	CCGGAAGT		ENSG00000108179	PPIF	0.32420596	0.4051275287628249	6.377785977033705	5.265200170411153	Benjamini-Hochberg	1.0	chr10:81107165:G>GCCGGAAGT
22	NC_000010.11:79347409:G:GCCTTTCAG	chr10	79347409	G	GCCTTTCAG	GCCTTTCAG	G	ENSG00000108179	PPIF	0.232270473	0.3013189502119937	6.153044674980176	5.265200170411153	Benjamini-Hochberg	1.0	chr10:81107165:G>GCCTTTCAG
23	NC_000010.11:79347410::CGCTCGGC	chr10	79347410		CGCTCGGC	CGCTCGGC		ENSG00000108179	PPIF	0.0025311969999999	0.0036471315000482	0.0463249870375258	0.0463249870375258	Benjamini-Hochberg	0.001269359	chr10:81107165:G>GCGCTCGGC
24	NC_000010.11:79347410::CTGTGAAT	chr10	79347410		CTGTGAAT	CTGTGAAT		ENSG00000108179	PPIF	0.108033107	0.1480009884188251	4.437707135543525	4.080921907623926	Benjamini-Hochberg	0.998769148	chr10:81107165:G>GCTGTGAAT
25	NC_000010.11:79347410:G:GAAGCTTTG	chr10	79347410	G	GAAGCTTTG	GAAGCTTTG	G	ENSG00000108179	PPIF	0.209482948	0.2743904295003472	3.861561507337047	3.6467186604547095	Benjamini-Hochberg	0.961971477	chr10:81107165:G>GGAAGCTTT
26	NC_000010.11:79347410:G:GAGAAAATG	chr10	79347410	G	GAGAAAATG	GAGAAAATG	G	ENSG00000108179	PPIF	0.078974684	0.1096610152465742	0.6314944754370323	0.6097752254264062	Benjamini-Hochberg	0.008146411	chr10:81107165:G>GGAGAAAAT
27	NC_000010.11:79347410:G:GAGCTAGTG	chr10	79347410	G	GAGCTAGTG	GAGCTAGTG	G	ENSG00000108179	PPIF	0.0689919709999999	0.0962510172847987	3.72072327509618	3.5550968372045384	Benjamini-Hochberg	0.933828359	chr10:81107165:G>GGAGCTAGT
28	NC_000010.11:79347410:G:GAGCTGACG	chr10	79347410	G	GAGCTGACG	GAGCTGACG	G	ENSG00000108179	PPIF	0.1041855449999999	0.1429826199054879	3.251456152426792	3.157186141086085	Benjamini-Hochberg	0.756362876	chr10:81107165:G>GGAGCTGAC
29	NC_000010.11:79347410:G:GAGGAAGTG	chr10	79347410	G	GAGGAAGTG	GAGGAAGTG	G	ENSG00000108179	PPIF	0.1463703919999999	0.1970732538383215	6.586700235918748	5.275724130399211	Benjamini-Hochberg	1.0	chr10:81107165:G>GGAGGAAGT
30	NC_000010.11:79347410:G:GCATATGCG	chr10	79347410	G	GCATATGCG	GCATATGCG	G	ENSG00000108179	PPIF	-0.162797669	-0.2563517664310328	4.295849483160201	4.005682847330363	Benjamini-Hochberg	0.996471624	chr10:81107165:G>GGCATATGC
31	NC_000010.11:79347410:G:GCGCATGCG	chr10	79347410	G	GCGCATGCG	GCGCATGCG	G	ENSG00000108179	PPIF	0.539578777	0.622535688934884	4.747146969020107	4.184422251675732	Benjamini-Hochberg	0.999933422	chr10:81107165:G>GGCGCATGC
32	NC_000010.11:79347410:GG:GGCGCTCCGG	chr10	79347410	GG	GGCGCTCCGG	GGCGCTCCGG	GG	ENSG00000108179	PPIF	-0.157358816	-0.2470096656943324	5.749579997691106	4.982966660701219	Benjamini-Hochberg	1.0	chr10:81107165:G>GGGCGCTCC
33	NC_000010.11:79347410:GG:GGCTCACCGG	chr10	79347410	GG	GGCTCACCGG	GGCTCACCGG	GG	ENSG00000108179	PPIF	-0.1255996969999999	-0.1936341939501411	6.187086643357144	5.265200170411153	Benjamini-Hochberg	1.0	chr10:81107165:G>GGGCTCACC
34	NC_000010.11:79347410:G:GTACATGAG	chr10	79347410	G	GTACATGAG	GTACATGAG	G	ENSG00000108179	PPIF	0.14397805	0.1940593707701912	4.332547047110047	4.020907099361674	Benjamini-Hochberg	0.99726836	chr10:81107165:G>GGTACATGA
35	NC_000010.11:79347410:G:GTAGGAGAG	chr10	79347410	G	GTAGGAGAG	GTAGGAGAG	G	ENSG00000108179	PPIF	0.134361337	0.181880266437488	4.051098239029787	3.801780176279014	Benjamini-Hochberg	0.984519157	chr10:81107165:G>GGTAGGAGA
36	NC_000010.11:79347410:G:GTGAGAGAG	chr10	79347410	G	GTGAGAGAG	GTGAGAGAG	G	ENSG00000108179	PPIF	0.1589656290000001	0.2128377815242532	4.043831569524636	3.801780176279014	Benjamini-Hochberg	0.983925581	chr10:81107165:G>GGTGAGAGA
37	NC_000010.11:79347409:G:GTACAGGAG	chr10	79347409	G	GTACAGGAG	GTACAGGAG	G	ENSG00000108179	PPIF	0.1920433319999999	0.2534366802004589	6.812479279163537	5.275724130399211	Benjamini-Hochberg	1.0	chr10:81107165:G>GTACAGGAG
38	NC_000010.11:79347410::TGAGTCAT	chr10	79347410		TGAGTCAT	TGAGTCAT		ENSG00000108179	PPIF	0.1311683239999999	0.1778136261722911	3.8029097459075234	3.605100246416056	Benjamini-Hochberg	0.951587102	chr10:81107165:G>GTGAGTCAT
39	NC_000010.11:79347410::TGCAGGAA	chr10	79347410		TGCAGGAA	TGCAGGAA		ENSG00000108179	PPIF	0.192380207	0.2538443325216041	4.537602002101044	4.122628654130226	Benjamini-Hochberg	0.999468942	chr10:81107165:G>GTGCAGGAA
40	NC_000010.11:79347410::TGCGCGAA	chr10	79347410		TGCGCGAA	TGCGCGAA		ENSG00000108179	PPIF	0.1682738919999999	0.2243785416045602	4.504455662453552	4.122628654130226	Benjamini-Hochberg	0.999290478	chr10:81107165:G>GTGCGCGAA
41	NC_000010.11:6062514:AGGAT:CAGTC	chr10	6062514	AGGAT	CAGTC	CAGTC	AGGAT	ENSG00000134460	IL2RA	0.3305986279999999	0.4120754512491784	5.486782399932061	4.910094888560602	Benjamini-Hochberg	0.999999777	chr10:6104477:AGGAT>CAGTC
42	NC_000010.11:6062514:AGGAT:GAGGC	chr10	6062514	AGGAT	GAGGC	GAGGC	AGGAT	ENSG00000134460	IL2RA	0.3833376699999999	0.4681533584933607	5.153044674980176	4.621602099051862	Benjamini-Hochberg	0.999974156	chr10:6104477:AGGAT>GAGGC
43	NC_000010.11:6062514:AGGAT:GCAGC	chr10	6062514	AGGAT	GCAGC	GCAGC	AGGAT	ENSG00000134460	IL2RA	0.701398881	0.7667214103596938	5.924453038607469	5.213958789757446	Benjamini-Hochberg	1.0	chr10:6104477:AGGAT>GCAGC
44	NC_000010.11:6062519:TGAAC:CCCTT	chr10	6062519	TGAAC	CCCTT	CCCTT	TGAAC	ENSG00000134460	IL2RA	-0.179660369	-0.2857067674546311	2.864498116693023	2.7243194792991785	Benjamini-Hochberg	0.373248331	chr10:6104482:TGAAC>CCCTT
45	NC_000010.11:6062519:TGAAC:CGCCG	chr10	6062519	TGAAC	CGCCG	CGCCG	TGAAC	ENSG00000134460	IL2RA	-0.220461529	-0.3593078717701292	4.567030709125595	4.184422251675732	Benjamini-Hochberg	0.995043493	chr10:6104482:TGAAC>CGCCG
46	NC_000010.11:6062520:GAAC:TGGG	chr10	6062520	GAAC	TGGG	TGGG	GAAC	ENSG00000134460	IL2RA	-0.028860682	-0.0422498178114511	1.4501801002398376	1.3971515682897346	Benjamini-Hochberg	0.030461512	chr10:6104482:TGAAC>TTGGG
47	NC_000010.11:6062524:TTCAT:AACCC	chr10	6062524	TTCAT	AACCC	AACCC	TTCAT	ENSG00000134460	IL2RA	0.257342661	0.330377878045189	4.412289034981089	4.075204004202088	Benjamini-Hochberg	0.987473691	chr10:6104487:TTCAT>AACCC
48	NC_000010.11:6062524:TTCAT:CGCCG	chr10	6062524	TTCAT	CGCCG	CGCCG	TTCAT	ENSG00000134460	IL2RA	6.044262358	2.816448642209572	6.856985199745905	5.215382707367125	Benjamini-Hochberg	1.0	chr10:6104487:TTCAT>CGCCG
49	NC_000010.11:6062524:TTCAT:GAGGC	chr10	6062524	TTCAT	GAGGC	GAGGC	TTCAT	ENSG00000134460	IL2RA	0.289631057	0.3669583924961764	4.688246138944246	4.280668713016273	Benjamini-Hochberg	0.997857599	chr10:6104487:TTCAT>GAGGC
50	NC_000010.11:6062529:TTATG:CAGTC	chr10	6062529	TTATG	CAGTC	CAGTC	TTATG	ENSG00000134460	IL2RA	-0.083148993	-0.1252407873774358	0.7782394324070512	0.762999467018654	Benjamini-Hochberg	0.005052068	chr10:6104492:TTATG>CAGTC
51	NC_000010.11:6062529:TTATG:GGGAA	chr10	6062529	TTATG	GGGAA	GGGAA	TTATG	ENSG00000134460	IL2RA	-0.429414352	-0.8094846357693932	4.7121982700697735	4.29073003902417	Benjamini-Hochberg	0.998197619	chr10:6104492:TTATG>GGGAA
52	NC_000010.11:6062539:TTTCT:AACCC	chr10	6062539	TTTCT	AACCC	AACCC	TTTCT	ENSG00000134460	IL2RA	0.025086399	0.0357455118339034	1.1043516353462444	1.0679223697195694	Benjamini-Hochberg	0.013868189	chr10:6104502:TTTCT>AACCC
53	NC_000010.11:6062539:TTTC:CCCT	chr10	6062539	TTTC	CCCT	CCCT	TTTC	ENSG00000134460	IL2RA	-0.372491773	-0.6722937211238795	4.966576244513051	4.489454989793388	Benjamini-Hochberg	0.99980399	chr10:6104502:TTTCT>CCCTT
54	NC_000010.11:6062539:TTTCT:CGCCG	chr10	6062539	TTTCT	CGCCG	CGCCG	TTTCT	ENSG00000134460	IL2RA	-0.2343562089999999	-0.3852547477543916	3.834583533832181	3.56716053610452	Benjamini-Hochberg	0.870665631	chr10:6104502:TTTCT>CGCCG
55	NC_000010.11:6062544:TCAGC:CGCCG	chr10	6062544	TCAGC	CGCCG	CGCCG	TCAGC	ENSG00000134460	IL2RA	0.0890071539999999	0.1230134315630121	1.0166171799385717	0.9855829440202332	Benjamini-Hochberg	0.011205285	chr10:6104507:TCAGC>CGCCG
56	NC_000010.11:6062549:TACGC:GGGAA	chr10	6062549	TACGC	GGGAA	GGGAA	TACGC	ENSG00000134460	IL2RA	-0.351028827	-0.6237736990876059	4.473660722610156	4.117475462045119	Benjamini-Hochberg	0.991137133	chr10:6104512:TACGC>GGGAA
57	NC_000010.11:6062549:TACGC:GTGCA	chr10	6062549	TACGC	GTGCA	GTGCA	TACGC	ENSG00000134460	IL2RA	-0.138342998	-0.2148144018964597	1.7018436190652055	1.643137946164803	Benjamini-Hochberg	0.051653065	chr10:6104512:TACGC>GTGCA
58	NC_000010.11:6062555:CATA:GCCG	chr10	6062555	CATA	GCCG	GCCG	CATA	ENSG00000134460	IL2RA	-0.599188997	-1.3190059811754784	5.860120913598763	5.174573882232177	Benjamini-Hochberg	1.0	chr10:6104517:CCATA>CGCCG
59	NC_000010.11:6062559:AAAG:CGCC	chr10	6062559	AAAG	CGCC	CGCC	AAAG	ENSG00000134460	IL2RA	-0.595379436	-1.3053584511480831	6.318758762624412	5.215382707367125	Benjamini-Hochberg	1.0	chr10:6104522:AAAGG>CGCCG
60	NC_000010.11:6062559:AAAG:CTCA	chr10	6062559	AAAG	CTCA	CTCA	AAAG	ENSG00000134460	IL2RA	-0.521348877	-1.0629536007278586	6.195860567664649	5.213958789757446	Benjamini-Hochberg	1.0	chr10:6104522:AAAGG>CTCAG
61	NC_000010.11:6062559:AAAGG:GTGCA	chr10	6062559	AAAGG	GTGCA	GTGCA	AAAGG	ENSG00000134460	IL2RA	-0.528968931	-1.0861058723870167	5.982966660701219	5.213958789757446	Benjamini-Hochberg	1.0	chr10:6104522:AAAGG>GTGCA
62	NC_000010.11:6062565:GAGG:ACCC	chr10	6062565	GAGG	ACCC	ACCC	GAGG	ENSG00000134460	IL2RA	-0.355710578	-0.6342191862267591	4.673664139071248	4.278189384787454	Benjamini-Hochberg	0.997610002	chr10:6104527:AGAGG>AACCC
63	NC_000010.11:6062570:AGAT:CAGC	chr10	6062570	AGAT	CAGC	CAGC	AGAT	ENSG00000134460	IL2RA	-0.178078442	-0.2829273813751073	3.357722494179772	3.166390779401916	Benjamini-Hochberg	0.641083126	chr10:6104532:GAGAT>GCAGC
64	NC_000010.11:6062574:TCCC:GAGG	chr10	6062574	TCCC	GAGG	GAGG	TCCC	ENSG00000134460	IL2RA	1.260425861	1.1765945999299785	5.79317412396815	5.133712660915805	Benjamini-Hochberg	0.999999999	chr10:6104537:TCCCC>GAGGC
65	NC_000010.11:6062574:TCCCC:GGGAA	chr10	6062574	TCCCC	GGGAA	GGGAA	TCCCC	ENSG00000134460	IL2RA	-0.486923644	-0.9627545512670218	5.995678626217358	5.213958789757446	Benjamini-Hochberg	1.0	chr10:6104537:TCCCC>GGGAA
66	NC_000010.11:6062575:CCCC:TGGG	chr10	6062575	CCCC	TGGG	TGGG	CCCC	ENSG00000134460	IL2RA	-0.25656279	-0.4277171961159874	4.889410289700751	4.441291429466834	Benjamini-Hochberg	0.999590964	chr10:6104537:TCCCC>TTGGG
67	NC_000010.11:6062579:TGCCG:GAGGC	chr10	6062579	TGCCG	GAGGC	GAGGC	TGCCG	ENSG00000134460	IL2RA	-0.548617805	-1.147578583074092	4.906578314837765	4.443697499232712	Benjamini-Hochberg	0.999647898	chr10:6104542:TGCCG>GAGGC
68	NC_000010.11:6062579:TGCCG:GGGAA	chr10	6062579	TGCCG	GGGAA	GGGAA	TGCCG	ENSG00000134460	IL2RA	-0.567260148	-1.2084281069325076	5.764471553092451	5.126679398184601	Benjamini-Hochberg	0.999999999	chr10:6104542:TGCCG>GGGAA
69	NC_000010.11:6062580:GCCG:CGGT	chr10	6062580	GCCG	CGGT	CGGT	GCCG	ENSG00000134460	IL2RA	-0.553787428	-1.1641969329266906	5.617982957425132	5.001304841688344	Benjamini-Hochberg	0.999999979	chr10:6104542:TGCCG>TCGGT
70	NC_000010.11:6062589:GGTAG:AGCCA	chr10	6062589	GGTAG	AGCCA	AGCCA	GGTAG	ENSG00000134460	IL2RA	-0.3452386509999999	-0.610958933814171	6.254144804826271	5.215382707367125	Benjamini-Hochberg	1.0	chr10:6104552:GGTAG>AGCCA
71	NC_000010.11:6062589:GGTAG:CCCTT	chr10	6062589	GGTAG	CCCTT	CCCTT	GGTAG	ENSG00000134460	IL2RA	-0.1623260829999999	-0.2555393424655675	5.2335871528876	4.673664139071248	Benjamini-Hochberg	0.999990589	chr10:6104552:GGTAG>CCCTT
72	NC_000010.11:6062590:GTAG:AGGC	chr10	6062590	GTAG	AGGC	AGGC	GTAG	ENSG00000134460	IL2RA	0.584605137	0.6641233842998071	6.058985756294431	5.213958789757446	Benjamini-Hochberg	1.0	chr10:6104552:GGTAG>GAGGC
73	NC_000010.11:6062594:GGTGA:AACCC	chr10	6062594	GGTGA	AACCC	AACCC	GGTGA	ENSG00000134460	IL2RA	0.647585869	0.7203536576777241	6.11690664142431	5.213958789757446	Benjamini-Hochberg	1.0	chr10:6104557:GGTGA>AACCC
74	NC_000010.11:6062594:GGTGA:CCCTT	chr10	6062594	GGTGA	CCCTT	CCCTT	GGTGA	ENSG00000134460	IL2RA	-0.4075269969999999	-0.7551786781344908	6.446116973356125	5.215382707367125	Benjamini-Hochberg	1.0	chr10:6104557:GGTGA>CCCTT
75	NC_000010.11:6062594:GGTGA:TTGGG	chr10	6062594	GGTGA	TTGGG	TTGGG	GGTGA	ENSG00000134460	IL2RA	-0.137667446	-0.2136837505340375	5.596879478824183	5.0	Benjamini-Hochberg	0.999999968	chr10:6104557:GGTGA>TTGGG
76	NC_000010.11:6062599:GCAAG:AACCC	chr10	6062599	GCAAG	AACCC	AACCC	GCAAG	ENSG00000134460	IL2RA	-0.42847123	-0.8071019712654183	5.950781977329818	5.213958789757446	Benjamini-Hochberg	1.0	chr10:6104562:GCAAG>AACCC
77	NC_000010.11:6062599:GCAA:CGCC	chr10	6062599	GCAA	CGCC	CGCC	GCAA	ENSG00000134460	IL2RA	-0.0536142099999999	-0.079499683139542	3.392816361569708	3.186656570763565	Benjamini-Hochberg	0.660612904	chr10:6104562:GCAAG>CGCCG
78	NC_000010.11:6062599:GCAA:TTGG	chr10	6062599	GCAA	TTGG	TTGG	GCAA	ENSG00000134460	IL2RA	-0.3619391709999999	-0.6482341262054375	6.6252516539898965	5.215382707367125	Benjamini-Hochberg	1.0	chr10:6104562:GCAAG>TTGGG
79	NC_000010.11:6062604:CACTT:AGCCA	chr10	6062604	CACTT	AGCCA	AGCCA	CACTT	ENSG00000134460	IL2RA	-0.205024874	-0.3310183743115693	3.446941459263233	3.2234252010214224	Benjamini-Hochberg	0.690223244	chr10:6104567:CACTT>AGCCA
80	NC_000010.11:6062604:CACTT:GGGAA	chr10	6062604	CACTT	GGGAA	GGGAA	CACTT	ENSG00000134460	IL2RA	-0.19064409	-0.3051538351521644	2.406015856306894	2.305345759266743	Benjamini-Hochberg	0.189158215	chr10:6104567:CACTT>GGGAA
81	NC_000010.11:6062604:CACT:TCGG	chr10	6062604	CACT	TCGG	TCGG	CACT	ENSG00000134460	IL2RA	-0.27469504	-0.4633403800721546	3.7395422141441457	3.4989914312638826	Benjamini-Hochberg	0.833198921	chr10:6104567:CACTT>TCGGT
82	NC_000010.11:6062609:CTTGG:GAGGC	chr10	6062609	CTTGG	GAGGC	GAGGC	CTTGG	ENSG00000134460	IL2RA	-0.21866016	-0.3559779167588026	3.96572858953923	3.679419636409627	Benjamini-Hochberg	0.913494481	chr10:6104572:CTTGG>GAGGC
83	NC_000010.11:6062609:CTTGG:GGGAA	chr10	6062609	CTTGG	GGGAA	GGGAA	CTTGG	ENSG00000134460	IL2RA	-0.089906613	-0.1359135033682195	0.873434073934729	0.8529929149976553	Benjamini-Hochberg	0.007794265	chr10:6104572:CTTGG>GGGAA
84	NC_000010.11:6062614:CAGTG:GCAGC	chr10	6062614	CAGTG	GCAGC	GCAGC	CAGTG	ENSG00000134460	IL2RA	0.190572165	0.2516550703623436	4.05700040663396	3.750860368086562	Benjamini-Hochberg	0.937103117	chr10:6104577:CAGTG>GCAGC
85	NC_000010.11:6062614:CAGTG:GGGAA	chr10	6062614	CAGTG	GGGAA	GGGAA	CAGTG	ENSG00000134460	IL2RA	1.167944169	1.1163276034888403	6.280668713016273	5.215382707367125	Benjamini-Hochberg	1.0	chr10:6104577:CAGTG>GGGAA
86	NC_000010.11:6062619:GTCTC:AGCCA	chr10	6062619	GTCTC	AGCCA	AGCCA	GTCTC	ENSG00000134460	IL2RA	4.081780503	2.3453340625081145	6.709965388637482	5.215382707367125	Benjamini-Hochberg	1.0	chr10:6104582:GTCTC>AGCCA
87	NC_000010.11:6062619:GTCTC:CGCCG	chr10	6062619	GTCTC	CGCCG	CGCCG	GTCTC	ENSG00000134460	IL2RA	1.550116038	1.3505628955697506	5.924453038607469	5.213958789757446	Benjamini-Hochberg	1.0	chr10:6104582:GTCTC>CGCCG
88	NC_000010.11:6062620:TCTC:GGAA	chr10	6062620	TCTC	GGAA	GGAA	TCTC	ENSG00000134460	IL2RA	0.2299129900000001	0.2985562559420242	3.764267078833867	3.514944718495361	Benjamini-Hochberg	0.843453455	chr10:6104582:GTCTC>GGGAA
89	NC_000010.11:6062624:ACCCA:GAGGC	chr10	6062624	ACCCA	GAGGC	GAGGC	ACCCA	ENSG00000134460	IL2RA	0.0482070219999999	0.0679236788190942	2.3019377505684586	2.219750970369899	Benjamini-Hochberg	0.158945715	chr10:6104587:ACCCA>GAGGC
90	NC_000010.11:6062624:ACCC:GGGA	chr10	6062624	ACCC	GGGA	GGGA	ACCC	ENSG00000134460	IL2RA	-0.0509882059999999	-0.0755020781999001	2.145687398275869	2.081198321974341	Benjamini-Hochberg	0.120903639	chr10:6104587:ACCCA>GGGAA
91	NC_000010.11:6062624:ACCCA:TCGGT	chr10	6062624	ACCCA	TCGGT	TCGGT	ACCCA	ENSG00000134460	IL2RA	-0.04170072	-0.061451810175112	2.14565630072967	2.081198321974341	Benjamini-Hochberg	0.120896067	chr10:6104587:ACCCA>TCGGT
92	NC_000010.11:6062629:GCACT:CAGTC	chr10	6062629	GCACT	CAGTC	CAGTC	GCACT	ENSG00000134460	IL2RA	0.3770236920000001	0.4615533815766295	3.789879540065536	3.531600970941046	Benjamini-Hochberg	0.853698726	chr10:6104592:GCACT>CAGTC
93	NC_000010.11:6062629:GCACT:CGCCG	chr10	6062629	GCACT	CGCCG	CGCCG	GCACT	ENSG00000134460	IL2RA	1.1070127740000002	1.0751990606813646	4.30715308072277	3.980069910595392	Benjamini-Hochberg	0.978309193	chr10:6104592:GCACT>CGCCG
94	NC_000010.11:6062629:GCACT:TTGGG	chr10	6062629	GCACT	TTGGG	TTGGG	GCACT	ENSG00000134460	IL2RA	-0.1322464089999999	-0.2046426645572412	3.126792783029949	2.965424480000256	Benjamini-Hochberg	0.511381963	chr10:6104592:GCACT>TTGGG
95	NC_000010.11:6062634:TCATA:CGCCG	chr10	6062634	TCATA	CGCCG	CGCCG	TCATA	ENSG00000134460	IL2RA	-0.03324097	-0.048771760042298	3.2209803057063526	3.05231293187874	Benjamini-Hochberg	0.564175492	chr10:6104597:TCATA>CGCCG
96	NC_000010.11:6062634:TCATA:GAGGC	chr10	6062634	TCATA	GAGGC	GAGGC	TCATA	ENSG00000134460	IL2RA	0.0657458930000001	0.0918634956866025	2.389896047292424	2.2954748297877794	Benjamini-Hochberg	0.184222153	chr10:6104597:TCATA>GAGGC
97	NC_000010.11:6062634:TCAT:GGGA	chr10	6062634	TCAT	GGGA	GGGA	TCAT	ENSG00000134460	IL2RA	-0.0896612199999999	-0.1355245547737803	4.16304326294045	3.846840881789213	Benjamini-Hochberg	0.958503796	chr10:6104597:TCATA>GGGAA
98	NC_000010.11:6062639:AGCTG:GTGCA	chr10	6062639	AGCTG	GTGCA	GTGCA	AGCTG	ENSG00000134460	IL2RA	-0.0374140969999999	-0.0550127995930047	3.2297424215025776	3.053650916746784	Benjamini-Hochberg	0.569118112	chr10:6104602:AGCTG>GTGCA
99	NC_000010.11:6062639:AGCTG:TCGGT	chr10	6062639	AGCTG	TCGGT	TCGGT	AGCTG	ENSG00000134460	IL2RA	-0.1360100589999999	-0.2109135789730331	5.114073660198569	4.605548319173784	Benjamini-Hochberg	0.999959212	chr10:6104602:AGCTG>TCGGT
100	NC_000010.11:6062639:AGCT:TTGG	chr10	6062639	AGCT	TTGG	TTGG	AGCT	ENSG00000134460	IL2RA	-0.0905638269999999	-0.1369557061888615	2.766746944570233	2.633407654265472	Benjamini-Hochberg	0.327118044	chr10:6104602:AGCTG>TTGGG
101	NC_000010.11:6062644:AGTCC:CTCAG	chr10	6062644	AGTCC	CTCAG	CTCAG	AGTCC	ENSG00000134460	IL2RA	-0.0367226	-0.0539767765959339	3.0626476328006187	2.9084582497918	Benjamini-Hochberg	0.476100849	chr10:6104607:AGTCC>CTCAG
102	NC_000010.11:6062644:AGTC:GCAG	chr10	6062644	AGTC	GCAG	GCAG	AGTC	ENSG00000134460	IL2RA	0.044715601	0.0631102563069048	3.629910864329735	3.397960638149882	Benjamini-Hochberg	0.783918753	chr10:6104607:AGTCC>GCAGC
103	NC_000010.11:6062644:AGTCC:GGGAA	chr10	6062644	AGTCC	GGGAA	GGGAA	AGTCC	ENSG00000134460	IL2RA	0.2401078080000001	0.3104655458590406	6.251811972993799	5.215382707367125	Benjamini-Hochberg	1.0	chr10:6104607:AGTCC>GGGAA
104	NC_000010.11:6062649:TCCC:CAGT	chr10	6062649	TCCC	CAGT	CAGT	TCCC	ENSG00000134460	IL2RA	0.07860164	0.1091621325621382	3.4112164076470446	3.1959723941406257	Benjamini-Hochberg	0.670750365	chr10:6104612:TCCCC>CAGTC
105	NC_000010.11:6062649:TCCC:GAGG	chr10	6062649	TCCC	GAGG	GAGG	TCCC	ENSG00000134460	IL2RA	-0.115047741	-0.1763284674451184	4.8124792791635365	4.376750709602099	Benjamini-Hochberg	0.999189072	chr10:6104612:TCCCC>GAGGC
106	NC_000010.11:6062649:TCCCC:GGGAA	chr10	6062649	TCCCC	GGGAA	GGGAA	TCCCC	ENSG00000134460	IL2RA	-0.1069025599999999	-0.1631105079665844	3.9947637022623415	3.698696484961979	Benjamini-Hochberg	0.921564202	chr10:6104612:TCCCC>GGGAA
107	NC_000010.11:6062654:TCAGG:AGCCA	chr10	6062654	TCAGG	AGCCA	AGCCA	TCAGG	ENSG00000134460	IL2RA	0.117123182	0.1597882764766928	4.494850021680094	4.122628654130226	Benjamini-Hochberg	0.992161645	chr10:6104617:TCAGG>AGCCA
108	NC_000010.11:6062654:TCAG:CTCA	chr10	6062654	TCAG	CTCA	CTCA	TCAG	ENSG00000134460	IL2RA	0.3132987709999999	0.3931951617805296	6.075204004202088	5.213958789757446	Benjamini-Hochberg	1.0	chr10:6104617:TCAGG>CTCAG
109	NC_000010.11:6062654:TCAGG:GAGGC	chr10	6062654	TCAGG	GAGGC	GAGGC	TCAGG	ENSG00000134460	IL2RA	0.007054485	0.0101417400605486	0.6091742517752721	0.599073924789757	Benjamini-Hochberg	0.003743665	chr10:6104617:TCAGG>GAGGC
110	NC_000010.11:6062659:GCTGT:CAGTC	chr10	6062659	GCTGT	CAGTC	CAGTC	GCTGT	ENSG00000134460	IL2RA	0.087170725	0.1205785132911932	2.692320441918873	2.5770096975102748	Benjamini-Hochberg	0.294392779	chr10:6104622:GCTGT>CAGTC
111	NC_000010.11:6062659:GCTGT:CGCCG	chr10	6062659	GCTGT	CGCCG	CGCCG	GCTGT	ENSG00000134460	IL2RA	-0.0239303239999999	-0.0349439577223894	1.237577963286334	1.1956858010092235	Benjamini-Hochberg	0.018955115	chr10:6104622:GCTGT>CGCCG
112	NC_000010.11:6062659:GCTGT:CTCAG	chr10	6062659	GCTGT	CTCAG	CTCAG	GCTGT	ENSG00000134460	IL2RA	-0.0420139619999999	-0.0619234650792938	2.7344056261649152	2.607799692275231	Benjamini-Hochberg	0.31263478	chr10:6104622:GCTGT>CTCAG
113	NC_000010.11:6062664:AACGT:CGCCG	chr10	6062664	AACGT	CGCCG	CGCCG	AACGT	ENSG00000134460	IL2RA	-0.0724231079999999	-0.1084612151926444	3.385812781941955	3.186656570763565	Benjamini-Hochberg	0.656743031	chr10:6104627:AACGT>CGCCG
114	NC_000010.11:6062664:AACGT:GTGCA	chr10	6062664	AACGT	GTGCA	GTGCA	AACGT	ENSG00000134460	IL2RA	-0.0471611109999999	-0.0696957985802762	3.860977759021761	3.5842156131941456	Benjamini-Hochberg	0.880142096	chr10:6104627:AACGT>GTGCA
115	NC_000010.11:6062664:AACGT:TTGGG	chr10	6062664	AACGT	TTGGG	TTGGG	AACGT	ENSG00000134460	IL2RA	-0.0101356919999999	-0.0146973228189062	0.997910761144312	0.9722053644863228	Benjamini-Hochberg	0.010698619	chr10:6104627:AACGT>TTGGG
116	NC_000010.11:6062669:CCTCA:AACCC	chr10	6062669	CCTCA	AACCC	AACCC	CCTCA	ENSG00000134460	IL2RA	-0.060304354	-0.0897345307633536	2.37022527810319	2.2819644104990853	Benjamini-Hochberg	0.178316676	chr10:6104632:CCTCA>AACCC
117	NC_000010.11:6062670:CTCA:AGTC	chr10	6062670	CTCA	AGTC	AGTC	CTCA	ENSG00000134460	IL2RA	-0.0248965199999999	-0.0363727661163297	2.6904541449805865	2.5770096975102748	Benjamini-Hochberg	0.293603819	chr10:6104632:CCTCA>CAGTC
118	NC_000010.11:6062669:CCTCA:GCAGC	chr10	6062669	CCTCA	GCAGC	GCAGC	CCTCA	ENSG00000134460	IL2RA	0.0042390569999999	0.0061027406984422	0.5016610994249188	0.4966402977487893	Benjamini-Hochberg	0.002690574	chr10:6104632:CCTCA>GCAGC
119	NC_000010.11:6062674:GGAGT:AGCCA	chr10	6062674	GGAGT	AGCCA	AGCCA	GGAGT	ENSG00000134460	IL2RA	0.3899541820000001	0.4750373271999741	5.040481623027002	4.548213564475709	Benjamini-Hochberg	0.999907863	chr10:6104637:GGAGT>AGCCA
120	NC_000010.11:6062674:GGAGT:CTCAG	chr10	6062674	GGAGT	CTCAG	CTCAG	GGAGT	ENSG00000134460	IL2RA	0.2453901089999999	0.3165977263598488	2.9867379648402705	2.83961011121456	Benjamini-Hochberg	0.435386734	chr10:6104637:GGAGT>CTCAG
121	NC_000010.11:6062674:GGAGT:TTGGG	chr10	6062674	GGAGT	TTGGG	TTGGG	GGAGT	ENSG00000134460	IL2RA	0.318687304	0.3991025035953928	3.3125504140239594	3.1289059863213464	Benjamini-Hochberg	0.615754919	chr10:6104637:GGAGT>TTGGG
122	NC_000010.11:6062679:CAGCC:AGCCA	chr10	6062679	CAGCC	AGCCA	AGCCA	CAGCC	ENSG00000134460	IL2RA	0.035234779	0.0499579909979151	0.2428157839291615	0.2428157839291615	Benjamini-Hochberg	0.00110347	chr10:6104642:CAGCC>AGCCA
123	NC_000010.11:6062680:AGCC:CCTT	chr10	6062680	AGCC	CCTT	CCTT	AGCC	ENSG00000134460	IL2RA	0.1968508929999999	0.2592434285313942	5.145693958198919	4.621602099051862	Benjamini-Hochberg	0.999971811	chr10:6104642:CAGCC>CCCTT
124	NC_000010.11:6062679:CAGCC:GGGAA	chr10	6062679	CAGCC	GGGAA	GGGAA	CAGCC	ENSG00000134460	IL2RA	0.188503778	0.2491464893074419	1.3951408895606905	1.3477162474442692	Benjamini-Hochberg	0.027010882	chr10:6104642:CAGCC>GGGAA
125	NC_000010.11:6062684:GGGA:AACC	chr10	6062684	GGGA	AACC	AACC	GGGA	ENSG00000134460	IL2RA	0.2751540880000001	0.3506715910539955	2.240060107836293	2.1638636971182947	Benjamini-Hochberg	0.142851668	chr10:6104647:GGGAC>AACCC
126	NC_000010.11:6062684:GGGAC:CTCAG	chr10	6062684	GGGAC	CTCAG	CTCAG	GGGAC	ENSG00000134460	IL2RA	0.327212413	0.4083992845421865	4.465973893943865	4.117475462045119	Benjamini-Hochberg	0.990745545	chr10:6104647:GGGAC>CTCAG
127	NC_000010.11:6062684:GGGAC:TTGGG	chr10	6062684	GGGAC	TTGGG	TTGGG	GGGAC	ENSG00000134460	IL2RA	0.3020165990000001	0.3807478410859869	2.634547770997367	2.527537420325714	Benjamini-Hochberg	0.270476748	chr10:6104647:GGGAC>TTGGG
128	NC_000010.11:79347410::AACGGAGC	chr10	79347410		AACGGAGC	AACGGAGC		ENSG00000108179	PPIF	0.1076570320000001	0.1475112434556983	8.636388020107855	7.5003129173815966	Benjamini-Hochberg	1.0	chr10:81107165:G>GAACGGAGC
129	NC_000010.11:79347410::AAGATGGC	chr10	79347410		AAGATGGC	AAGATGGC		ENSG00000108179	PPIF	0.0669819359999999	0.0935357515476963	2.9344572560228728	2.8779762370934736	Benjamini-Hochberg	0.56289392	chr10:81107165:G>GAAGATGGC
130	NC_000010.11:79347410::AAGTAGGC	chr10	79347410		AAGTAGGC	AAGTAGGC		ENSG00000108179	PPIF	0.188506435	0.2491497145697506	6.239577516576788	5.987162775294828	Benjamini-Hochberg	1.0	chr10:81107165:G>GAAGTAGGC
131	NC_000010.11:79347410::ACAGTCAT	chr10	79347410		ACAGTCAT	ACAGTCAT		ENSG00000108179	PPIF	0.2601550779999999	0.333601286498659	5.91721462968355	5.7447274948966935	Benjamini-Hochberg	0.999999981	chr10:81107165:G>GACAGTCAT
132	NC_000010.11:79347410::ACCATCCA	chr10	79347410		ACCATCCA	ACCATCCA		ENSG00000108179	PPIF	0.112880219	0.1542983215620607	6.508638306165727	6.175223537524454	Benjamini-Hochberg	1.0	chr10:81107165:G>GACCATCCA
133	NC_000010.11:79347410::ACCATGGA	chr10	79347410		ACCATGGA	ACCATGGA		ENSG00000108179	PPIF	0.22573693	0.2936493782870985	6.661543506395395	6.305394801066432	Benjamini-Hochberg	1.0	chr10:81107165:G>GACCATGGA
134	NC_000010.11:79347409:G:GACCGCTAG	chr10	79347409	G	GACCGCTAG	GACCGCTAG	G	ENSG00000108179	PPIF	0.393113349	0.4783126458698032	7.123782159408358	6.528708288941061	Benjamini-Hochberg	1.0	chr10:81107165:G>GACCGCTAG
135	NC_000010.11:79347409:G:GACCGGAAG	chr10	79347409	G	GACCGGAAG	GACCGGAAG	G	ENSG00000108179	PPIF	0.6123356120000001	0.6891520759826796	8.15676722190199	7.322393047279506	Benjamini-Hochberg	1.0	chr10:81107165:G>GACCGGAAG
136	NC_000010.11:79347410::ACTTAAGA	chr10	79347410		ACTTAAGA	ACTTAAGA		ENSG00000108179	PPIF	0.2547948769999999	0.3274515441588473	6.987162775294828	6.480172006224281	Benjamini-Hochberg	1.0	chr10:81107165:G>GACTTAAGA
137	NC_000010.11:79347410::AGAGAGCC	chr10	79347410		AGAGAGCC	AGAGAGCC		ENSG00000108179	PPIF	0.050960254	0.0717081094129642	1.9403326213389347	1.91861336979914	Benjamini-Hochberg	0.166888858	chr10:81107165:G>GAGAGAGCC
138	NC_000010.11:79347410::AGATAAGA	chr10	79347410		AGATAAGA	AGATAAGA		ENSG00000108179	PPIF	0.238883497	0.3090405246834912	5.910094888560602	5.7447274948966935	Benjamini-Hochberg	0.999999978	chr10:81107165:G>GAGATAAGA
139	NC_000010.11:79347410::AGCACCAT	chr10	79347410		AGCACCAT	AGCACCAT		ENSG00000108179	PPIF	0.1682005479999999	0.2242879666568507	6.122053048370812	5.906578314837765	Benjamini-Hochberg	0.999999999	chr10:81107165:G>GAGCACCAT
140	NC_000010.11:79347410::AGCGCTAA	chr10	79347410		AGCGCTAA	AGCGCTAA		ENSG00000108179	PPIF	0.266814482	0.3412052652085783	6.97061622231479	6.480172006224281	Benjamini-Hochberg	1.0	chr10:81107165:G>GAGCGCTAA
141	NC_000010.11:79347410::AGTCAGAT	chr10	79347410		AGTCAGAT	AGTCAGAT		ENSG00000108179	PPIF	0.2559466569999999	0.3287751908889113	6.152427340857888	5.920818753952375	Benjamini-Hochberg	1.0	chr10:81107165:G>GAGTCAGAT
142	NC_000010.11:79347408:CG:CGATACAGCG	chr10	79347408	CG	CGATACAGCG	CGATACAGCG	CG	ENSG00000108179	PPIF	0.331237977	0.4127684957791865	5.943095148663527	5.7447274948966935	Benjamini-Hochberg	0.999999987	chr10:81107165:G>GATACAGCG
143	NC_000010.11:79347410::CAGCTAGT	chr10	79347410		CAGCTAGT	CAGCTAGT		ENSG00000108179	PPIF	0.238066788	0.3080891434030642	4.982966660701219	4.889410289700751	Benjamini-Hochberg	0.999625612	chr10:81107165:G>GCAGCTAGT
144	NC_000010.11:79347410::CAGGAAGT	chr10	79347410		CAGGAAGT	CAGGAAGT		ENSG00000108179	PPIF	0.6772113500000001	0.7460644983146539	6.94692155651658	6.480172006224281	Benjamini-Hochberg	1.0	chr10:81107165:G>GCAGGAAGT
145	NC_000010.11:79347409:G:GCCAATCAG	chr10	79347409	G	GCCAATCAG	GCCAATCAG	G	ENSG00000108179	PPIF	0.2490145560000001	0.3207902901937876	6.767003889607846	6.355561410532162	Benjamini-Hochberg	1.0	chr10:81107165:G>GCCAATCAG
146	NC_000010.11:79347410::CCACCAGC	chr10	79347410		CCACCAGC	CCACCAGC		ENSG00000108179	PPIF	0.1176796079999999	0.1605066871131943	6.446116973356125	6.134896025358872	Benjamini-Hochberg	1.0	chr10:81107165:G>GCCACCAGC
147	NC_000010.11:79347410::CCACGTGC	chr10	79347410		CCACGTGC	CCACGTGC		ENSG00000108179	PPIF	-0.104859671	-0.1598142269433059	4.987162775294828	4.889410289700751	Benjamini-Hochberg	0.999630224	chr10:81107165:G>GCCACGTGC
148	NC_000010.11:79347410::CCCCAAGT	chr10	79347410		CCCCAAGT	CCCCAAGT		ENSG00000108179	PPIF	0.16182885	0.2163975597560811	7.100179497572904	6.528708288941061	Benjamini-Hochberg	1.0	chr10:81107165:G>GCCCCAAGT
149	NC_000010.11:79347410::CCGGAAGT	chr10	79347410		CCGGAAGT	CCGGAAGT		ENSG00000108179	PPIF	0.696461888	0.7625290194323158	8.254144804826272	7.341035157335565	Benjamini-Hochberg	1.0	chr10:81107165:G>GCCGGAAGT
150	NC_000010.11:79347409:G:GCCTTTCAG	chr10	79347409	G	GCCTTTCAG	GCCTTTCAG	G	ENSG00000108179	PPIF	0.3726098049999999	0.4569215654726663	6.399027104313252	6.108462542327436	Benjamini-Hochberg	1.0	chr10:81107165:G>GCCTTTCAG
151	NC_000010.11:79347410::CGCTCGGC	chr10	79347410		CGCTCGGC	CGCTCGGC		ENSG00000108179	PPIF	0.135900213	0.1838361019787887	4.718966632752273	4.649751981665837	Benjamini-Hochberg	0.997879699	chr10:81107165:G>GCGCTCGGC
152	NC_000010.11:79347410::CTGTGAAT	chr10	79347410		CTGTGAAT	CTGTGAAT		ENSG00000108179	PPIF	0.19414423	0.2559770973558052	6.764471553092451	6.355561410532162	Benjamini-Hochberg	1.0	chr10:81107165:G>GCTGTGAAT
153	NC_000010.11:79347410:G:GAAGCTTTG	chr10	79347410	G	GAAGCTTTG	GAAGCTTTG	G	ENSG00000108179	PPIF	0.3716252339999999	0.4558863511124796	5.761953896871205	5.61261017366127	Benjamini-Hochberg	0.999999835	chr10:81107165:G>GGAAGCTTT
154	NC_000010.11:79347410:G:GAGAAAATG	chr10	79347410	G	GAGAAAATG	GAGAAAATG	G	ENSG00000108179	PPIF	0.2281760770000001	0.2965174069660041	2.3040604543255285	2.271060194222603	Benjamini-Hochberg	0.282467947	chr10:81107165:G>GGAGAAAAT
155	NC_000010.11:79347410:G:GAGCTAGTG	chr10	79347410	G	GAGCTAGTG	GAGCTAGTG	G	ENSG00000108179	PPIF	0.156066292	0.2092241282862504	5.193141970481182	5.071604147743286	Benjamini-Hochberg	0.999928202	chr10:81107165:G>GGAGCTAGT
156	NC_000010.11:79347410:G:GAGCTGACG	chr10	79347410	G	GAGCTGACG	GAGCTGACG	G	ENSG00000108179	PPIF	0.2303147350000001	0.2990274281985304	6.686132779630847	6.305394801066432	Benjamini-Hochberg	1.0	chr10:81107165:G>GGAGCTGAC
157	NC_000010.11:79347410:G:GAGGAAGTG	chr10	79347410	G	GAGGAAGTG	GAGGAAGTG	G	ENSG00000108179	PPIF	0.316796965	0.3970329157016909	7.686132779630847	6.939302159646388	Benjamini-Hochberg	1.0	chr10:81107165:G>GGAGGAAGT
158	NC_000010.11:79347410:G:GCATATGCG	chr10	79347410	G	GCATATGCG	GCATATGCG	G	ENSG00000108179	PPIF	-0.0471119559999999	-0.0696213748278249	2.3635502189226463	2.318968088716437	Benjamini-Hochberg	0.305204358	chr10:81107165:G>GGCATATGC
159	NC_000010.11:79347410:G:GCGCATGCG	chr10	79347410	G	GCGCATGCG	GCGCATGCG	G	ENSG00000108179	PPIF	0.693115054	0.7596800135143196	7.5003129173815966	6.841637507904751	Benjamini-Hochberg	1.0	chr10:81107165:G>GGCGCATGC
160	NC_000010.11:79347410:GG:GGCGCTCCGG	chr10	79347410	GG	GGCGCTCCGG	GGCGCTCCGG	GG	ENSG00000108179	PPIF	-0.0274402799999999	-0.0401412534234625	1.5046915220288126	1.493967658668663	Benjamini-Hochberg	0.078462701	chr10:81107165:G>GGGCGCTCC
161	NC_000010.11:79347410:GG:GGCTCACCGG	chr10	79347410	GG	GGCTCACCGG	GGCTCACCGG	GG	ENSG00000108179	PPIF	0.0061255319999999	0.0088103181607469	0.4300442646452992	0.4300442646452992	Benjamini-Hochberg	0.005227747	chr10:81107165:G>GGGCTCACC
162	NC_000010.11:79347410:G:GTACATGAG	chr10	79347410	G	GTACATGAG	GTACATGAG	G	ENSG00000108179	PPIF	0.260176347	0.3336256362175263	5.649751981665837	5.51427857351842	Benjamini-Hochberg	0.999999321	chr10:81107165:G>GGTACATGA
163	NC_000010.11:79347410:G:GTAGGAGAG	chr10	79347410	G	GTAGGAGAG	GTAGGAGAG	G	ENSG00000108179	PPIF	0.235433956	0.3050178889362102	6.282329496997738	6.011887159731648	Benjamini-Hochberg	1.0	chr10:81107165:G>GGTAGGAGA
164	NC_000010.11:79347410:G:GTGAGAGAG	chr10	79347410	G	GTGAGAGAG	GTGAGAGAG	G	ENSG00000108179	PPIF	0.2666980670000001	0.341072681422191	4.950781977329818	4.869666231504994	Benjamini-Hochberg	0.99953014	chr10:81107165:G>GGTGAGAGA
165	NC_000010.11:79347409:G:GTACAGGAG	chr10	79347409	G	GTACAGGAG	GTACAGGAG	G	ENSG00000108179	PPIF	0.297031596	0.3752136244140506	10.809668301829708	9.197910742118268	Benjamini-Hochberg	1.0	chr10:81107165:G>GTACAGGAG
166	NC_000010.11:79347410::TGAGTCAT	chr10	79347410		TGAGTCAT	TGAGTCAT		ENSG00000108179	PPIF	0.676475647	0.7454315262527752	7.647817481888637	6.939302159646388	Benjamini-Hochberg	1.0	chr10:81107165:G>GTGAGTCAT
167	NC_000010.11:79347410::TGCAGGAA	chr10	79347410		TGCAGGAA	TGCAGGAA		ENSG00000108179	PPIF	0.3887596339999999	0.4737969198057728	8.428291168191313	7.4179366370882915	Benjamini-Hochberg	1.0	chr10:81107165:G>GTGCAGGAA
168	NC_000010.11:79347410::TGCGCGAA	chr10	79347410		TGCGCGAA	TGCGCGAA		ENSG00000108179	PPIF	0.2889462279999999	0.3661920788928309	10.39577394691553	9.08460016478773	Benjamini-Hochberg	1.0	chr10:81107165:G>GTGCGCGAA
169	NC_000010.11:79347444::CCTCCTCAGG	chr10	79347444		CCTCCTCAGG	CCTCCTCAGG		ENSG00000108179	PPIF	-0.124410427	-0.1916733206685959	6.354577730650908	6.0670191780768015	Benjamini-Hochberg	0.999999843	chr10:81107199:A>ACCTCCTCAGG
170	NC_000010.11:79347444:GG:GGTGTGCGGCGG	chr10	79347444	GG	GGTGTGCGGCGG	GGTGTGCGGCGG	GG	ENSG00000108179	PPIF	-0.144899269	-0.2258337151762819	6.555955204081924	6.246416941107094	Benjamini-Hochberg	0.999999991	chr10:81107199:A>AGGTGTGCGGC
171	NC_000010.11:79347442:AA:AATAAGGAACAA	chr10	79347442	AA	AATAAGGAACAA	AATAAGGAACAA	AA	ENSG00000108179	PPIF	-0.067481216	-0.1007953085964748	0.634105077207653	0.620574559184435	Benjamini-Hochberg	0.002873437	chr10:81107199:A>ATAAGGAACAA
172	NC_000010.11:79347444::TGATGCAATC	chr10	79347444		TGATGCAATC	TGATGCAATC		ENSG00000108179	PPIF	0.051890553	0.0729846030538215	2.9141844462783637	2.809206794028998	Benjamini-Hochberg	0.293083477	chr10:81107199:A>ATGATGCAATC
173	NC_000010.11:79347443:A:ATGTTGCAACA	chr10	79347443	A	ATGTTGCAACA	ATGTTGCAACA	A	ENSG00000108179	PPIF	-0.138697256	-0.2154076673725499	5.742321425130816	5.512861624522814	Benjamini-Hochberg	0.999900229	chr10:81107199:A>ATGTTGCAACA
174	NC_000010.11:79347444::TTCAGTTTGG	chr10	79347444		TTCAGTTTGG	TTCAGTTTGG		ENSG00000108179	PPIF	-0.014696412	-0.0213597841051303	0.2489001780535391	0.2408325558612588	Benjamini-Hochberg	0.000693759	chr10:81107199:A>ATTCAGTTTGG
175	NC_000010.11:79347440:TA:TACCTGCAGGTA	chr10	79347440	TA	TACCTGCAGGTA	TACCTGCAGGTA	TA	ENSG00000108179	PPIF	-0.423853028	-0.7954912125103034	8.896196279044043	8.318758762624412	Benjamini-Hochberg	1.0	chr10:81107196:T>TACCTGCAGGT
176	NC_000010.11:79347442::CTTGCGC	chr10	79347442		CTTGCGC	CTTGCGC		ENSG00000108179	PPIF	-0.173865966	-0.2755522278917497	10.723538195826755	9.657577319177792	Benjamini-Hochberg	1.0	chr10:81107198:A>CTTGCGCA
177	NC_000010.11:79347442::TAAATGAGG	chr10	79347442		TAAATGAGG	TAAATGAGG		ENSG00000108179	PPIF	-0.085639447	-0.1291649302007357	2.342842472914588	2.2673754016366288	Benjamini-Hochberg	0.127673465	chr10:81107197:A>ATAAATGAGG
178	NC_000010.11:79347441:A:ATGAGTTCA	chr10	79347441	A	ATGAGTTCA	ATGAGTTCA	A	ENSG00000108179	PPIF	-0.3127848789999999	-0.5411663140109412	8.053056729302174	7.581698708680254	Benjamini-Hochberg	1.0	chr10:81107197:A>ATGAGTTCA
179	NC_000010.11:79347442::TTACGCAAC	chr10	79347442		TTACGCAAC	TTACGCAAC		ENSG00000108179	PPIF	-0.4024956269999999	-0.7429788229951024	7.954677021213342	7.497572880015567	Benjamini-Hochberg	1.0	chr10:81107197:A>ATTACGCAAC
180	NC_000010.11:79347440:T:TCACGTGACGT	chr10	79347440	T	TCACGTGACGT	TCACGTGACGT	T	ENSG00000108179	PPIF	0.0793600270000001	0.1101761646700764	4.407823242604133	4.2564902352715706	Benjamini-Hochberg	0.912280017	chr10:81107196:T>TCACGTGACGT
181	NC_000010.11:79347441::CGCGACCGGA	chr10	79347441		CGCGACCGGA	CGCGACCGGA		ENSG00000108179	PPIF	0.0625242299999999	0.0874957411112903	1.2754724354621072	1.242261772673944	Benjamini-Hochberg	0.015996622	chr10:81107196:T>TCGCGACCGGA
182	NC_000010.11:79347439:AT:ATCTAGCGCCAT	chr10	79347439	AT	ATCTAGCGCCAT	ATCTAGCGCCAT	AT	ENSG00000108179	PPIF	-0.053282681	-0.0789943802357259	1.988129502122047	1.9220699111004456	Benjamini-Hochberg	0.069198632	chr10:81107196:T>TCTAGCGCCAT
183	NC_000010.11:79347441::GACGTCATGG	chr10	79347441		GACGTCATGG	GACGTCATGG		ENSG00000108179	PPIF	-0.029091957	-0.0425934338363323	2.51347487934958	2.4316210729901537	Benjamini-Hochberg	0.167047667	chr10:81107196:T>TGACGTCATGG
184	NC_000010.11:79347441::GACTCACCGG	chr10	79347441		GACTCACCGG	GACTCACCGG		ENSG00000108179	PPIF	-0.030809571	-0.0451479370052584	2.5789743657481	2.4906384447556262	Benjamini-Hochberg	0.184354159	chr10:81107196:T>TGACTCACCGG
185	NC_000010.11:79347438:AAT:AATGTTGCGAAAT	chr10	79347438	AAT	AATGTTGCGAAAT	AATGTTGCGAAAT	AAT	ENSG00000108179	PPIF	-0.462854045	-0.8966139397419927	0.968321989199129	0.946466082172836	Benjamini-Hochberg	0.002251365	chr10:81107196:T>TGTTGCGAAAT
186	NC_000010.11:79347440:T:TTGTGCAATCT	chr10	79347440	T	TTGTGCAATCT	TTGTGCAATCT	T	ENSG00000108179	PPIF	-0.308830232	-0.5328879799761745	7.686132779630847	7.258848401148215	Benjamini-Hochberg	1.0	chr10:81107196:T>TTGTGCAATCT
187	NC_000010.11:79347441::TGTGCGGAAC	chr10	79347441		TGTGCGGAAC	TGTGCGGAAC		ENSG00000108179	PPIF	0.034918223	0.0495167735859827	1.4908924008822544	1.446022130401406	Benjamini-Hochberg	0.025837821	chr10:81107196:T>TTGTGCGGAAC
188	NC_000010.11:79347441::TTAACGCGGG	chr10	79347441		TTAACGCGGG	TTAACGCGGG		ENSG00000108179	PPIF	-0.377442912	-0.6837219576292485	9.723538195826755	8.987162775294827	Benjamini-Hochberg	1.0	chr10:81107196:T>TTTAACGCGGG
189	NC_000010.11:79347441::TTTCGCGCCA	chr10	79347441		TTTCGCGCCA	TTTCGCGCCA		ENSG00000108179	PPIF	0.3244888290000001	0.4054356757843447	5.866461091629782	5.614393726401688	Benjamini-Hochberg	0.999966171	chr10:81107196:T>TTTTCGCGCCA
190	NC_000010.11:79347410::ATGACGTCAT	chr10	79347410		ATGACGTCAT	ATGACGTCAT		ENSG00000108179	PPIF	0.183362336	0.2428918829023229	5.795880017344075	5.562249437179612	Benjamini-Hochberg	0.999936883	chr10:81107165:G>GATGACGTCAT
191	NC_000010.11:79347411::AAAATGGC	chr10	79347411		AAAATGGC	AAAATGGC		ENSG00000108179	PPIF	-0.360426887	-0.6448188042193574	6.866461091629782	6.522878745280337	Benjamini-Hochberg	1.0	chr10:81107166:G>GAAAATGGC
192	NC_000010.11:79347412::AAGTTGT	chr10	79347412		AAGTTGT	AAGTTGT		ENSG00000108179	PPIF	0.128713348	0.1746791407363343	5.542118103266008	5.330683119433888	Benjamini-Hochberg	0.999534043	chr10:81107167:G>GAAGTTGT
193	NC_000010.11:79347411:G:GATTTGCCG	chr10	79347411	G	GATTTGCCG	GATTTGCCG	G	ENSG00000108179	PPIF	-0.493517151	-0.9814146789341734	10.82390874094432	9.692503962086787	Benjamini-Hochberg	1.0	chr10:81107166:G>GGATTTGCC
194	NC_000010.11:79347411:GG:TAAACACA	chr10	79347411	GG	TAAACACA	TAAACACA	GG	ENSG00000108179	PPIF	-0.6852978940000001	-1.6679412616415887	11.03574036980315	9.84163750790475	Benjamini-Hochberg	1.0	chr10:81107167:GG>TAAACACA
195	NC_000010.11:79347411:G:TAATGACTA	chr10	79347411	G	TAATGACTA	TAATGACTA	G	ENSG00000108179	PPIF	-0.1850280389999999	-0.2951776704174036	4.607303046740334	4.429457060118103	Benjamini-Hochberg	0.951648074	chr10:81107167:G>TAATGACTA
196	NC_000010.11:79347403::AAAGAGGAAC	chr10	79347403		AAAGAGGAAC	AAAGAGGAAC		ENSG00000108179	PPIF	-0.426868726	-0.8030624730819279	10.73754891026957	9.657577319177792	Benjamini-Hochberg	1.0	chr10:81107158:G>GAAAGAGGAAC
197	NC_000010.11:79347403::AACTGAAACT	chr10	79347403		AACTGAAACT	AACTGAAACT		ENSG00000108179	PPIF	-0.264548493	-0.4432978763400121	9.153044674980176	8.47237009912866	Benjamini-Hochberg	1.0	chr10:81107158:G>GAACTGAAACT
198	NC_000010.11:79347401:GG:GGAAGGAAGTGG	chr10	79347401	GG	GGAAGGAAGTGG	GGAAGGAAGTGG	GG	ENSG00000108179	PPIF	0.2244505349999999	0.2921344935003986	7.077793722560983	6.723538195826756	Benjamini-Hochberg	1.0	chr10:81107158:G>GAAGGAAGTGG
199	NC_000010.11:79347402:G:GAAGGAAGTTG	chr10	79347402	G	GAAGGAAGTTG	GAAGGAAGTTG	G	ENSG00000108179	PPIF	-0.022902437	-0.0334254726845638	1.0767516643589192	1.0520847821585766	Benjamini-Hochberg	0.009922963	chr10:81107158:G>GAAGGAAGTTG
200	NC_000010.11:79347401::AGTGAAACT	chr10	79347401		AGTGAAACT	AGTGAAACT		ENSG00000108179	PPIF	0.163048853	0.2179116974135237	6.122053048370812	5.853871964321762	Benjamini-Hochberg	0.999997393	chr10:81107156:A>AAGTGAAACT
201	NC_000010.11:79347403::AAGTGGTTAA	chr10	79347403		AAGTGGTTAA	AAGTGGTTAA		ENSG00000108179	PPIF	0.3163079339999999	0.3964970292606145	7.444905551421681	7.052566278112949	Benjamini-Hochberg	1.0	chr10:81107158:G>GAAGTGGTTAA
202	NC_000010.11:79347401::AGTGGTTTT	chr10	79347401		AGTGGTTTT	AGTGGTTTT		ENSG00000108179	PPIF	0.391663625	0.4768105436663398	6.443697499232713	6.145693958198919	Benjamini-Hochberg	0.999999953	chr10:81107156:A>AAGTGGTTTT
203	NC_000010.11:79347400:A:AAGTTATGCAA	chr10	79347400	A	AAGTTATGCAA	AAGTTATGCAA	A	ENSG00000108179	PPIF	0.102424625	0.1406800191786087	5.671620396561262	5.446116973356125	Benjamini-Hochberg	0.999821663	chr10:81107155:G>GAAGTTATGCA
204	NC_000010.11:79347403::AAGTTGTGGT	chr10	79347403		AAGTTGTGGT	AAGTTGTGGT		ENSG00000108179	PPIF	-0.1050203739999999	-0.1600732547488237	5.804100347590766	5.563837352959244	Benjamini-Hochberg	0.999939988	chr10:81107158:G>GAAGTTGTGGT
205	NC_000010.11:79347402:G:GATCAG	chr10	79347402	G	GATCAG	GATCAG	G	ENSG00000108179	PPIF	-0.250134315	-0.4152958898625781	8.94692155651658	8.347753658996677	Benjamini-Hochberg	1.0	chr10:81107158:GC>GATCAGC
206	NC_000010.11:79347401:G:TCTAGTGAA	chr10	79347401	G	TCTAGTGAA	TCTAGTGAA	G	ENSG00000108179	PPIF	-0.566104661	-1.2045810063996878	10.16304326294045	9.312471038785366	Benjamini-Hochberg	1.0	chr10:81107157:G>TCTAGTGAA
207	NC_000010.11:79347401:G:TTTATATA	chr10	79347401	G	TTTATATA	TTTATATA	G	ENSG00000108179	PPIF	-0.5843456810000001	-1.2665438924470596	10.221848749616356	9.351639989019068	Benjamini-Hochberg	1.0	chr10:81107157:G>TTTATATA
208	NC_000010.11:79347404:G:CTTTGTTT	chr10	79347404	G	CTTTGTTT	CTTTGTTT	G	ENSG00000108179	PPIF	-0.2274019139999999	-0.3722099913813657	4.769551078621726	4.580044251510242	Benjamini-Hochberg	0.972589575	chr10:81107160:G>CTTTGTTT
209	NC_000010.11:79347404:G:TCGCCTT	chr10	79347404	G	TCGCCTT	TCGCCTT	G	ENSG00000108179	PPIF	-0.586412451	-1.2737353407295298	12.421360790031928	10.686132779630846	Benjamini-Hochberg	1.0	chr10:81107160:GG>TCGCCTTG
210	NC_000010.11:79347400::TATTGCAATA	chr10	79347400		TATTGCAATA	TATTGCAATA		ENSG00000108179	PPIF	-0.1005218839999999	-0.1528399132686803	5.216096420727265	5.016824927962187	Benjamini-Hochberg	0.996418273	chr10:81107155:G>GTATTGCAATA
211	NC_000010.11:79347403::TGACGTCATC	chr10	79347403		TGACGTCATC	TGACGTCATC		ENSG00000108179	PPIF	0.2129086959999999	0.2784709529433619	7.297569463554475	6.91721462968355	Benjamini-Hochberg	1.0	chr10:81107158:G>GTGACGTCATC
212	NC_000010.11:79347403::TTGCATCATC	chr10	79347403		TTGCATCATC	TTGCATCATC		ENSG00000108179	PPIF	0.540097531	0.6230217165270536	9.133712660915805	8.465973893943865	Benjamini-Hochberg	1.0	chr10:81107158:G>GTTGCATCATC
213	NC_000010.11:79347443:A:AACTTTTATA	chr10	79347443	A	AACTTTTATA	AACTTTTATA	A	ENSG00000108179	PPIF	-0.104259733	-0.1588476325073047	1.7900167093237518	1.730117432380892	Benjamini-Hochberg	0.047599131	chr10:81107198:A>AAACTTTTAT
214	NC_000010.11:79347443:A:ACTCCGGCA	chr10	79347443	A	ACTCCGGCA	ACTCCGGCA	A	ENSG00000108179	PPIF	-0.0442334349999999	-0.065269795342737	5.647817481888637	5.425968732272281	Benjamini-Hochberg	0.999785296	chr10:81107198:A>AACTCCGGC
215	NC_000010.11:79347445:GC:AGGAAG	chr10	79347445	GC	AGGAAG	AGGAAG	GC	ENSG00000108179	PPIF	0.1572270129999999	0.210671905416343	6.302770657240282	6.0195421077239	Benjamini-Hochberg	0.999999691	chr10:81107200:GGC>GAGGAAG
216	NC_000010.11:79347443::GAGGAAGTG	chr10	79347443		GAGGAAGTG	GAGGAAGTG		ENSG00000108179	PPIF	0.1263481339999999	0.1716528074971389	6.647817481888637	6.327902142064283	Benjamini-Hochberg	0.999999998	chr10:81107198:A>AGAGGAAGTG
217	NC_000010.11:79347443:AG:TGACCATT	chr10	79347443	AG	TGACCATT	TGACCATT	AG	ENSG00000108179	PPIF	-0.604120079	-1.3368651990483695	13.084072788302883	11.172630726946174	Benjamini-Hochberg	1.0	chr10:81107199:AG>TGACCATT
218	NC_000010.11:79347442::CTATGACATG	chr10	79347442		CTATGACATG	CTATGACATG		ENSG00000108179	PPIF	-0.267961317	-0.450008208266405	7.247951552180561	6.876148359032914	Benjamini-Hochberg	1.0	chr10:81107197:A>ACTATGACATG
219	NC_000010.11:79347442::GCGGAAACGG	chr10	79347442		GCGGAAACGG	GCGGAAACGG		ENSG00000108179	PPIF	0.336304592	0.4182488875146106	4.46344155742847	4.301029995663981	Benjamini-Hochberg	0.924903942	chr10:81107197:A>AGCGGAAACGG
220	NC_000010.11:79347442::GTTGTTGTGC	chr10	79347442		GTTGTTGTGC	GTTGTTGTGC		ENSG00000108179	PPIF	-0.0010768549999999	-0.0015544104558831	0.0147309311715207	0.0147309311715207	Benjamini-Hochberg	0.000308516	chr10:81107197:A>AGTTGTTGTGC
221	NC_000010.11:79347442::TTTGTTTCGC	chr10	79347442		TTTGTTTCGC	TTTGTTTCGC		ENSG00000108179	PPIF	-0.477667418	-0.9369593961097448	9.056505484093895	8.423658649794207	Benjamini-Hochberg	1.0	chr10:81107197:A>ATTTGTTTCGC
222	NC_000010.11:79347441::GAAAATTTG	chr10	79347441		GAAAATTTG	GAAAATTTG		ENSG00000108179	PPIF	0.0750437219999999	0.1043953353774146	4.6595558851598815	4.47755576649368	Benjamini-Hochberg	0.959291856	chr10:81107196:T>TGAAAATTTG
223	NC_000010.11:79347441:A:GATTGCGC	chr10	79347441	A	GATTGCGC	GATTGCGC	A	ENSG00000108179	PPIF	-0.094186654	-0.1427142990783045	4.521433504406157	4.354577730650908	Benjamini-Hochberg	0.936590701	chr10:81107197:A>GATTGCGC
224	NC_000010.11:79347441:A:GTACAGGT	chr10	79347441	A	GTACAGGT	GTACAGGT	A	ENSG00000108179	PPIF	-0.668761794	-1.594059007715039	9.943095148663527	9.1605219526258	Benjamini-Hochberg	1.0	chr10:81107197:A>GTACAGGT
225	NC_000010.11:79347441:AA:GTCAGGGG	chr10	79347441	AA	GTCAGGGG	GTCAGGGG	AA	ENSG00000108179	PPIF	-0.158906041	-0.2496611212658557	8.149353764816933	7.669586226650809	Benjamini-Hochberg	1.0	chr10:81107197:AA>GTCAGGGG
226	NC_000010.11:79347441::TATCGAAC	chr10	79347441		TATCGAAC	TATCGAAC		ENSG00000108179	PPIF	0.1734795959999999	0.2307927570672782	5.3260580013659125	5.122053048370812	Benjamini-Hochberg	0.998086543	chr10:81107196:T>TTATCGAAC
227	NC_000010.11:79347441::TCCCGCCA	chr10	79347441		TCCCGCCA	TCCCGCCA		ENSG00000108179	PPIF	0.1282703199999999	0.1741127615322256	1.3717753869692464	1.3298494980229612	Benjamini-Hochberg	0.019906159	chr10:81107196:T>TTCCCGCCA
228	NC_000010.11:79347441::TCTCGCGAG	chr10	79347441		TCTCGCGAG	TCTCGCGAG		ENSG00000108179	PPIF	0.7966262239999999	0.8452902970666425	10.244887733604928	9.35556141053216	Benjamini-Hochberg	1.0	chr10:81107196:T>TTCTCGCGAG
229	NC_000010.11:79347441::TTCCCGCCA	chr10	79347441		TTCCCGCCA	TTCCCGCCA		ENSG00000108179	PPIF	-0.0251179649999999	-0.0367004378884998	0.5343809833488389	0.5235905027911112	Benjamini-Hochberg	0.00206984	chr10:81107196:T>TTTCCCGCCA
230	NC_000010.11:79347441::TTTGGCGGG	chr10	79347441		TTTGGCGGG	TTTGGCGGG		ENSG00000108179	PPIF	-0.379223599	-0.6878543808020756	10.379863945026242	9.442492798094342	Benjamini-Hochberg	1.0	chr10:81107196:T>TTTTGGCGGG
231	NC_000010.11:79347330:C:AAT	chr10	79347330	C	AAT	AAT	C	ENSG00000108179	PPIF	0.024798963	0.0353409209214767	4.079354998593212	3.942642042626464	Benjamini-Hochberg	0.811210117	chr10:81107086:CC>AATC
232	NC_000010.11:79347440:T:ACGCGCGG	chr10	79347440	T	ACGCGCGG	ACGCGCGG	T	ENSG00000108179	PPIF	-0.3576486909999999	-0.638565555902845	11.35066514128786	9.98296666070122	Benjamini-Hochberg	1.0	chr10:81107196:T>ACGCGCGG
233	NC_000010.11:79347440:T:AGGTAAAC	chr10	79347440	T	AGGTAAAC	AGGTAAAC	T	ENSG00000108179	PPIF	-0.771970957	-2.1327105094287364	8.962573502059376	8.35359627377693	Benjamini-Hochberg	1.0	chr10:81107196:T>AGGTAAAC
234	NC_000010.11:79347440:TA:CTTCCTGT	chr10	79347440	TA	CTTCCTGT	CTTCCTGT	TA	ENSG00000108179	PPIF	0.239279961	0.3095021380203552	7.493494967595128	7.094204119632131	Benjamini-Hochberg	1.0	chr10:81107196:TA>CTTCCTGT
235	NC_000010.11:79347441:AA:GACGTC	chr10	79347441	AA	GACGTC	GACGTC	AA	ENSG00000108179	PPIF	-0.0917464949999999	-0.1388330667967134	6.056505484093897	5.79317412396815	Benjamini-Hochberg	0.99999471	chr10:81107197:AAA>GACGTCA
236	NC_000010.11:79347441:AAA:TTCGATT	chr10	79347441	AAA	TTCGATT	TTCGATT	AAA	ENSG00000108179	PPIF	0.055075715	0.0773465342267547	2.8217628459006296	2.72351843472849	Benjamini-Hochberg	0.259732464	chr10:81107197:AAA>TTCGATT
237	NC_000010.11:79347334:G:CCACCGGAA	chr10	79347334	G	CCACCGGAA	CCACCGGAA	G	ENSG00000108179	PPIF	0.34075761	0.4230484419709505	7.756961951313706	7.31069114087638	Benjamini-Hochberg	1.0	chr10:81107090:G>CCACCGGAA
238	NC_000010.11:79347334:G:CCACTTCC	chr10	79347334	G	CCACTTCC	CCACTTCC	G	ENSG00000108179	PPIF	0.3592576439999999	0.4428189413822045	4.410050398674293	4.2564902352715706	Benjamini-Hochberg	0.912685262	chr10:81107090:G>CCACTTCC
239	NC_000010.11:79347334:G:CCCGGAA	chr10	79347334	G	CCCGGAA	CCCGGAA	G	ENSG00000108179	PPIF	0.3120065389999999	0.3917749103213651	6.782516055786093	6.446116973356125	Benjamini-Hochberg	1.0	chr10:81107090:GG>CCCGGAAG
240	NC_000010.11:79347333:C:CCCCTTCC	chr10	79347333	C	CCCCTTCC	CCCCTTCC	C	ENSG00000108179	PPIF	0.3848552139999999	0.469735151030368	7.1073489661227	6.739928612014925	Benjamini-Hochberg	1.0	chr10:81107090:G>CCCTTCCG
241	NC_000010.11:79347334:G:CTACTTCC	chr10	79347334	G	CTACTTCC	CTACTTCC	G	ENSG00000108179	PPIF	0.2973823019999999	0.3756036638063632	4.701146923590294	4.51427857351842	Benjamini-Hochberg	0.964708103	chr10:81107090:G>CTACTTCC
242	NC_000010.11:79347333:C:CTTTTATAGAC	chr10	79347333	C	CTTTTATAGAC	CTTTTATAGAC	C	ENSG00000108179	PPIF	-0.0679865939999999	-0.1015773882582149	3.3564170547085856	3.2341348281025324	Benjamini-Hochberg	0.483031824	chr10:81107088:G>GCTTTTATAGA
243	NC_000010.11:79347333::TAAATATTTA	chr10	79347333		TAAATATTTA	TAAATATTTA		ENSG00000108179	PPIF	-0.094775837	-0.143653000146659	4.102922996790579	3.962828575545545	Benjamini-Hochberg	0.820024456	chr10:81107088:G>GTAAATATTTA
244	NC_000010.11:79347297:T:TTGTTTACTTT	chr10	79347297	T	TTGTTTACTTT	TTGTTTACTTT	T	ENSG00000108179	PPIF	0.068260924	0.0952640700450445	3.6693934751519217	3.543565639198393	Benjamini-Hochberg	0.633203302	chr10:81107053:T>TTGTTTACTTT
245	NC_000010.11:79347298::TTGAACGACA	chr10	79347298		TTGAACGACA	TTGAACGACA		ENSG00000108179	PPIF	0.0512608379999999	0.0721206740578305	1.0788496654829107	1.0520847821585766	Benjamini-Hochberg	0.009974216	chr10:81107053:T>TTTGAACGACA
246	NC_000010.11:79347334:G:GTGATTTATAG	chr10	79347334	G	GTGATTTATAG	GTGATTTATAG	G	ENSG00000108179	PPIF	0.0637377939999999	0.0891425776111671	5.47755576649368	5.270025714300444	Benjamini-Hochberg	0.999270552	chr10:81107089:C>CGTGATTTATA
247	NC_000010.11:79347332:GC:CTGG	chr10	79347332	GC	CTGG	CTGG	GC	ENSG00000108179	PPIF	0.017564981	0.0251209269466126	1.936893644568476	1.873925148903027	Benjamini-Hochberg	0.062961275	chr10:81107088:GC>CTGG
248	NC_000010.11:79347330:C:GAACGCGTA	chr10	79347330	C	GAACGCGTA	GAACGCGTA	C	ENSG00000108179	PPIF	0.027054195	0.0385123109597549	2.661082761237948	2.569468948857463	Benjamini-Hochberg	0.207857578	chr10:81107086:C>GAACGCGTA
249	NC_000010.11:79347412:G:AAGTGGTT	chr10	79347412	G	AAGTGGTT	AAGTGGTT	G	ENSG00000108179	PPIF	0.206852387	0.2712492274049508	6.527243550682788	6.223298816011589	Benjamini-Hochberg	0.999999986	chr10:81107168:G>AAGTGGTT
250	NC_000010.11:79347411:G:GTAAACAAACG	chr10	79347411	G	GTAAACAAACG	GTAAACAAACG	G	ENSG00000108179	PPIF	-0.6352986190000001	-1.45521243220791	9.110138278741813	8.465973893943865	Benjamini-Hochberg	1.0	chr10:81107166:G>GGTAAACAAAC
251	NC_000010.11:79347412:G:TAGGAGCTT	chr10	79347412	G	TAGGAGCTT	TAGGAGCTT	G	ENSG00000108179	PPIF	-0.558150022	-1.1783714825889564	8.910094888560602	8.319664486585436	Benjamini-Hochberg	1.0	chr10:81107168:G>TAGGAGCTT
252	NC_000010.11:79347412:G:TGTGAGTT	chr10	79347412	G	TGTGAGTT	TGTGAGTT	G	ENSG00000108179	PPIF	-0.662021392	-1.5649961593532375	10.598599459218455	9.562249437179611	Benjamini-Hochberg	1.0	chr10:81107168:G>TGTGAGTT
253	NC_000010.11:79347332:G:CACGTGAC	chr10	79347332	G	CACGTGAC	CACGTGAC	G	ENSG00000108179	PPIF	0.176416739	0.2343992173047015	9.347753658996677	8.627087997029893	Benjamini-Hochberg	1.0	chr10:81107088:G>CACGTGAC
254	NC_000010.11:79347332::CATAGTGG	chr10	79347332		CATAGTGG	CATAGTGG		ENSG00000108179	PPIF	0.036627809	0.0518980016794047	4.1598939055432425	4.015922966097169	Benjamini-Hochberg	0.840093608	chr10:81107087:C>CCATAGTGG
255	NC_000010.11:79347333:C:CCTACTTCC	chr10	79347333	C	CCTACTTCC	CCTACTTCC	C	ENSG00000108179	PPIF	0.3373770949999999	0.419406313882867	8.469800301796917	7.94692155651658	Benjamini-Hochberg	1.0	chr10:81107088:G>GCCTACTTC
256	NC_000010.11:79347332:G:TCCCCTTC	chr10	79347332	G	TCCCCTTC	TCCCCTTC	G	ENSG00000108179	PPIF	0.394010478	0.4792414051818216	8.856985199745905	8.29929628285498	Benjamini-Hochberg	1.0	chr10:81107088:G>TCCCCTTC
257	NC_000010.11:79347332:G:TTCCGCTTC	chr10	79347332	G	TTCCGCTTC	TTCCGCTTC	G	ENSG00000108179	PPIF	0.548162904	0.6305572857120295	11.129011186239424	9.869666231504992	Benjamini-Hochberg	1.0	chr10:81107088:G>TTCCGCTTC
258	NC_000010.11:79347332:G:TTCCTCTTC	chr10	79347332	G	TTCCTCTTC	TTCCTCTTC	G	ENSG00000108179	PPIF	0.492821191	0.578041370893427	10.347753658996677	9.436518914605587	Benjamini-Hochberg	1.0	chr10:81107088:G>TTCCTCTTC
259	NC_000010.11:79347299::CGTACCGGAA	chr10	79347299		CGTACCGGAA	CGTACCGGAA		ENSG00000108179	PPIF	0.233536777	0.3028007291804505	6.681936665037238	6.356547323513812	Benjamini-Hochberg	0.999999999	chr10:81107054:G>GCGTACCGGAA
260	NC_000010.11:79347409:G:GAGATGCGG	chr10	79347409	G	GAGATGCGG	GAGATGCGG	G	ENSG00000108179	PPIF	0.0151519239999999	0.0216956521392464	0.6543297073936092	0.6380417544732984	Benjamini-Hochberg	0.003063255	chr10:81107165:G>GAGATGCGG
261	NC_000010.11:79347409:G:GATGGCTGG	chr10	79347409	G	GATGGCTGG	GATGGCTGG	G	ENSG00000108179	PPIF	0.070440706	0.0982048839729134	3.229017719552629	3.113740019807551	Benjamini-Hochberg	0.424069134	chr10:81107165:G>GATGGCTGG
262	NC_000010.11:79347410::CCACGTGC	chr10	79347410		CCACGTGC	CCACGTGC		ENSG00000108179	PPIF	-0.147821811	-0.2307729678305334	8.435333935747911	7.928117992693875	Benjamini-Hochberg	1.0	chr10:81107165:G>GCCACGTGC
263	NC_000010.11:79347410:G:GCGCATGCG	chr10	79347410	G	GCGCATGCG	GCGCATGCG	G	ENSG00000108179	PPIF	0.4916859389999999	0.5769438211552552	9.112945621949043	8.465973893943865	Benjamini-Hochberg	1.0	chr10:81107165:G>GGCGCATGC
264	NC_000010.11:79347410::TACCGGAA	chr10	79347410		TACCGGAA	TACCGGAA		ENSG00000108179	PPIF	0.21169857	0.2770308492626568	7.079354998593212	6.723538195826756	Benjamini-Hochberg	1.0	chr10:81107165:G>GTACCGGAA
265	NC_000010.11:79347409:G:GTACGAATG	chr10	79347409	G	GTACGAATG	GTACGAATG	G	ENSG00000108179	PPIF	0.159926456	0.2140333355876328	9.856985199745903	9.094743951251548	Benjamini-Hochberg	1.0	chr10:81107165:G>GTACGAATG
266	NC_000010.11:79347410::TCACTTCC	chr10	79347410		TCACTTCC	TCACTTCC		ENSG00000108179	PPIF	0.6088403659999999	0.6860211846036414	9.238824186844267	8.531652669587842	Benjamini-Hochberg	1.0	chr10:81107166:G>TCACTTCCG
267	NC_000010.11:79347410::TGAGTCAT	chr10	79347410		TGAGTCAT	TGAGTCAT		ENSG00000108179	PPIF	0.009942581	0.0142732727183217	1.3552698909756435	1.316268550455736	Benjamini-Hochberg	0.019188599	chr10:81107165:G>GTGAGTCAT
268	NC_000010.11:79347402::AAAAGAGGAA	chr10	79347402		AAAAGAGGAA	AAAAGAGGAA		ENSG00000108179	PPIF	-0.236476784	-0.3892560700212881	4.548213564475709	4.377785977033705	Benjamini-Hochberg	0.941567303	chr10:81107157:G>GAAAAGAGGAA
269	NC_000010.11:79347402::CTTATATAAA	chr10	79347402		CTTATATAAA	CTTATATAAA		ENSG00000108179	PPIF	-0.4066131149999999	-0.752955054072813	10.038578905933552	9.224025668870633	Benjamini-Hochberg	1.0	chr10:81107157:G>GCTTATATAAA
270	NC_000010.11:79347402:G:GAAACAGGAAG	chr10	79347402	G	GAAACAGGAAG	GAAACAGGAAG	G	ENSG00000108179	PPIF	0.307834301	0.3871797669303176	6.943095148663527	6.59176003468815	Benjamini-Hochberg	1.0	chr10:81107157:G>GGAAACAGGAA
271	NC_000010.11:79347402:G:GAAGTGGTCAG	chr10	79347402	G	GAAGTGGTCAG	GAAGTGGTCAG	G	ENSG00000108179	PPIF	-0.715640951	-1.814214379784126	12.147520006363145	10.6345120151091	Benjamini-Hochberg	1.0	chr10:81107157:G>GGAAGTGGTCA
272	NC_000010.11:79347402:G:GAAGTGGTTAG	chr10	79347402	G	GAAGTGGTTAG	GAAGTGGTTAG	G	ENSG00000108179	PPIF	0.062940167	0.0880603897177119	3.0928520907703234	2.9810350116868984	Benjamini-Hochberg	0.364410477	chr10:81107157:G>GGAAGTGGTTA
273	NC_000010.11:79347401:GGC:AGTGGTT	chr10	79347401	GGC	AGTGGTT	AGTGGTT	GGC	ENSG00000108179	PPIF	0.197976033	0.2605990455073986	7.696803942579511	7.263603497723357	Benjamini-Hochberg	1.0	chr10:81107157:GGC>AGTGGTT
274	NC_000010.11:79347402:G:GAGGAAGTTG	chr10	79347402	G	GAGGAAGTTG	GAGGAAGTTG	G	ENSG00000108179	PPIF	-0.1142121929999999	-0.1749669564377871	6.177178354696896	5.903089986991944	Benjamini-Hochberg	0.999998598	chr10:81107158:G>GAGGAAGTTG
275	NC_000010.11:79347401:GG:TTACTTC	chr10	79347401	GG	TTACTTC	TTACTTC	GG	ENSG00000108179	PPIF	0.393410368	0.4786202031587352	11.012333735073726	9.84163750790475	Benjamini-Hochberg	1.0	chr10:81107157:GG>TTACTTC
276	NC_000010.11:79347401:G:TTTGAAC	chr10	79347401	G	TTTGAAC	TTTGAAC	G	ENSG00000108179	PPIF	-0.518182149	-1.0534402495216597	10.37571790416433	9.442492798094342	Benjamini-Hochberg	1.0	chr10:81107156:AG>ATTTGAAC
277	NC_000010.11:79347404:G:GTGCAGTAG	chr10	79347404	G	GTGCAGTAG	GTGCAGTAG	G	ENSG00000108179	PPIF	-0.1126992559999999	-0.1725049166986245	6.386158178123931	6.09312646527793	Benjamini-Hochberg	0.999999896	chr10:81107159:C>CGTGCAGTA
278	NC_000010.11:79347404::TATATAAA	chr10	79347404		TATATAAA	TATATAAA		ENSG00000108179	PPIF	-0.335628116	-0.5899370746756644	8.029188389127482	7.565431095965801	Benjamini-Hochberg	1.0	chr10:81107159:C>CTATATAAA
279	NC_000010.11:79347403::TGTACTTC	chr10	79347403		TGTACTTC	TGTACTTC		ENSG00000108179	PPIF	0.369205531	0.4533390253380938	9.18243463044022	8.488116639021126	Benjamini-Hochberg	1.0	chr10:81107158:G>GTGTACTTC
280	NC_000010.11:79347402::TTCCTCTTTT	chr10	79347402		TTCCTCTTTT	TTCCTCTTTT		ENSG00000108179	PPIF	-0.530613953	-1.0911531380350017	12.263603497723356	10.65364702554936	Benjamini-Hochberg	1.0	chr10:81107157:G>GTTCCTCTTTT
281	NC_000010.11:79347297::AAACAGGAAG	chr10	79347297		AAACAGGAAG	AAACAGGAAG		ENSG00000108179	PPIF	0.160126127	0.214281661306051	2.94840684400673	2.8400230670259994	Benjamini-Hochberg	0.306006518	chr10:81107052:C>CAAACAGGAAG
282	NC_000010.11:79347297::AAACCGGAAG	chr10	79347297		AAACCGGAAG	AAACCGGAAG		ENSG00000108179	PPIF	0.1372188629999999	0.1855099342466675	4.841637507904751	4.645891560852599	Benjamini-Hochberg	0.979145428	chr10:81107052:C>CAAACCGGAAG
283	NC_000010.11:79347441:AA:CTCGCG	chr10	79347441	AA	CTCGCG	CTCGCG	AA	ENSG00000108179	PPIF	0.603686537	0.6813921743924496	10.471083299722345	9.46344155742847	Benjamini-Hochberg	1.0	chr10:81107196:TAA>TCTCGCG
284	NC_000010.11:79347441:AAAG:TTCC	chr10	79347441	AAAG	TTCC	TTCC	AAAG	ENSG00000108179	PPIF	0.1366887169999999	0.1848372252713934	8.539102157243452	8.007446482167865	Benjamini-Hochberg	1.0	chr10:81107197:AAAG>TTCC
285	NC_000010.11:79347297::GCCATATTTT	chr10	79347297		GCCATATTTT	GCCATATTTT		ENSG00000108179	PPIF	0.3058490469999999	0.3849881344560173	8.686132779630846	8.136677139879543	Benjamini-Hochberg	1.0	chr10:81107052:C>CGCCATATTTT
286	NC_000010.11:79347298:G:CAACCGGAA	chr10	79347298	G	CAACCGGAA	CAACCGGAA	G	ENSG00000108179	PPIF	0.2610843739999999	0.3346648037225929	5.804100347590766	5.563837352959244	Benjamini-Hochberg	0.999940063	chr10:81107054:G>CAACCGGAA
287	NC_000010.11:79347299:GAG:CAGGAC	chr10	79347299	GAG	CAGGAC	CAGGAC	GAG	ENSG00000108179	PPIF	-0.020965432	-0.0305682951179092	2.6980769280287724	2.6031604969707383	Benjamini-Hochberg	0.219108231	chr10:81107055:GAG>CAGGAC
288	NC_000010.11:79347331:C:AACAGGAA	chr10	79347331	C	AACAGGAA	AACAGGAA	C	ENSG00000108179	PPIF	0.199810338	0.2628063674566921	7.752026733638194	7.31069114087638	Benjamini-Hochberg	1.0	chr10:81107087:C>AACAGGAA
289	NC_000010.11:79347331:C:ACTTCCGGT	chr10	79347331	C	ACTTCCGGT	ACTTCCGGT	C	ENSG00000108179	PPIF	0.364031135	0.4478765752986307	8.421360790031928	7.924453038607469	Benjamini-Hochberg	1.0	chr10:81107087:C>ACTTCCGGT
290	NC_000010.11:79347332:GCG:TCGGCA	chr10	79347332	GCG	TCGGCA	TCGGCA	GCG	ENSG00000108179	PPIF	0.0125379859999998	0.0179760326252529	1.5578829477005476	1.5100481966743395	Benjamini-Hochberg	0.029782565	chr10:81107088:GCG>TCGGCA
291	NC_000010.11:79347331:C:TTATCCGT	chr10	79347331	C	TTATCCGT	TTATCCGT	C	ENSG00000108179	PPIF	-0.0444351619999999	-0.0655743270876109	2.00098840554302	1.931815585904524	Benjamini-Hochberg	0.070841864	chr10:81107087:C>TTATCCGT
292	NC_000010.11:79347401::AATGGCGGTT	chr10	79347401		AATGGCGGTT	AATGGCGGTT		ENSG00000108179	PPIF	0.2912677749999999	0.3687882087053201	7.5934598195660445	7.187755303199631	Benjamini-Hochberg	1.0	chr10:81107156:A>AAATGGCGGTT
293	NC_000010.11:79347401::AGAGGAAGTT	chr10	79347401		AGAGGAAGTT	AGAGGAAGTT		ENSG00000108179	PPIF	0.2444453179999999	0.3155028384479677	5.872895201635193	5.614393726401688	Benjamini-Hochberg	0.999967373	chr10:81107156:A>AAGAGGAAGTT
294	NC_000010.11:79347401::AGTGAAAGTT	chr10	79347401		AGTGAAAGTT	AGTGAAAGTT		ENSG00000108179	PPIF	0.117237641	0.1599360855772907	2.8488830765627062	2.747285285934687	Benjamini-Hochberg	0.269260668	chr10:81107156:A>AAGTGAAAGTT
295	NC_000010.11:79347401::AGTGGCGGTT	chr10	79347401		AGTGGCGGTT	AGTGGCGGTT		ENSG00000108179	PPIF	0.518093081	0.6022602514781069	8.540607512240769	8.007446482167865	Benjamini-Hochberg	1.0	chr10:81107156:A>AAGTGGCGGTT
296	NC_000010.11:79347401::AGTGGTTTTC	chr10	79347401		AGTGGTTTTC	AGTGGTTTTC		ENSG00000108179	PPIF	0.1070832669999999	0.1467637355523759	4.063486257521107	3.930232034239737	Benjamini-Hochberg	0.805150142	chr10:81107156:A>AAGTGGTTTTC
297	NC_000010.11:79347401::AGTGGTTTTT	chr10	79347401		AGTGGTTTTT	AGTGGTTTTT		ENSG00000108179	PPIF	0.2257766379999999	0.2936961139327308	4.6020599913279625	4.428291168191312	Benjamini-Hochberg	0.950778768	chr10:81107156:A>AAGTGGTTTTT
298	NC_000010.11:79347401::AGTTCGAAAT	chr10	79347401		AGTTCGAAAT	AGTTCGAAAT		ENSG00000108179	PPIF	-0.052807024	-0.0782697123237302	1.6554974766748132	1.6016723741290133	Benjamini-Hochberg	0.036428821	chr10:81107156:A>AAGTTCGAAAT
299	NC_000010.11:79347401::AGTTGCGGTT	chr10	79347401		AGTTGCGGTT	AGTTGCGGTT		ENSG00000108179	PPIF	-0.230235666	-0.3775112675335743	7.382999658879101	6.995678626217358	Benjamini-Hochberg	1.0	chr10:81107156:A>AAGTTGCGGTT
300	NC_000010.11:79347400:A:AAGTTGGCACA	chr10	79347400	A	AAGTTGGCACA	AAGTTGGCACA	A	ENSG00000108179	PPIF	-0.1176441449999999	-0.180567481389764	6.232844133917819	5.954677021213342	Benjamini-Hochberg	0.999999271	chr10:81107156:A>AAGTTGGCACA
301	NC_000010.11:79347401:GG:GGAAGTGGTTGG	chr10	79347401	GG	GGAAGTGGTTGG	GGAAGTGGTTGG	GG	ENSG00000108179	PPIF	0.1153937169999999	0.1575530494294778	5.860120913598763	5.61261017366127	Benjamini-Hochberg	0.99996385	chr10:81107156:A>AGGAAGTGGTT
302	NC_000010.11:79347403:CGG:AAGTTGA	chr10	79347403	CGG	AAGTTGA	AAGTTGA	CGG	ENSG00000108179	PPIF	-0.0127548979999999	-0.0185197897989419	1.570217594889903	1.5193979925228385	Benjamini-Hochberg	0.03056136	chr10:81107159:CGG>AAGTTGA
303	NC_000010.11:79347401:GG:GGAAGTTGATGG	chr10	79347401	GG	GGAAGTTGATGG	GGAAGTTGATGG	GG	ENSG00000108179	PPIF	0.028755515	0.0409001647337285	1.2236230819479117	1.193279062501318	Benjamini-Hochberg	0.01417422	chr10:81107156:A>AGGAAGTTGAT
304	NC_000010.11:79347297::ACCGGAAG	chr10	79347297		ACCGGAAG	ACCGGAAG		ENSG00000108179	PPIF	0.122846379	0.1671605604944369	5.595166283380062	5.3788237182249645	Benjamini-Hochberg	0.999681532	chr10:81107053:T>ACCGGAAGT
305	NC_000010.11:79347297::ACTTCCGG	chr10	79347297		ACTTCCGG	ACTTCCGG		ENSG00000108179	PPIF	0.232634612	0.3017452072200325	6.562249437179612	6.247183568811729	Benjamini-Hochberg	0.999999992	chr10:81107053:T>ACTTCCGGT
306	NC_000010.11:79347297::CTAGACAT	chr10	79347297		CTAGACAT	CTAGACAT		ENSG00000108179	PPIF	0.064079564	0.0896060289374863	3.327391453403109	3.20862589088256	Benjamini-Hochberg	0.469377353	chr10:81107052:C>CCTAGACAT
307	NC_000010.11:79347297:TG:GCGGCGGC	chr10	79347297	TG	GCGGCGGC	GCGGCGGC	TG	ENSG00000108179	PPIF	0.001177065	0.0016971472078469	0.0725455495710329	0.0698729599332694	Benjamini-Hochberg	0.000345385	chr10:81107053:TG>GCGGCGGC
308	NC_000010.11:79347299:G:AACAA	chr10	79347299	G	AACAA	AACAA	G	ENSG00000108179	PPIF	0.1435944520000001	0.1935755260509543	8.87942606879415	8.31069114087638	Benjamini-Hochberg	1.0	chr10:81107055:G>AACAA
309	NC_000010.11:79347299::TAGT	chr10	79347299		TAGT	TAGT		ENSG00000108179	PPIF	0.0227673649999999	0.0324780321530757	4.429457060118103	4.27083521030723	Benjamini-Hochberg	0.917356399	chr10:81107054:G>GTAGT
310	NC_000010.11:79347295:C:CGGAGCACTTC	chr10	79347295	C	CGGAGCACTTC	CGGAGCACTTC	C	ENSG00000108179	PPIF	0.117278519	0.1599888705953129	4.027334407733889	3.89793007392445	Benjamini-Hochberg	0.791277747	chr10:81107051:C>CGGAGCACTTC
311	NC_000010.11:79347295:C:CGGAGTACTTC	chr10	79347295	C	CGGAGTACTTC	CGGAGTACTTC	C	ENSG00000108179	PPIF	0.1386014399999999	0.1872628294329011	2.359868126877188	2.2812194723363457	Benjamini-Hochberg	0.131242853	chr10:81107051:C>CGGAGTACTTC
312	NC_000010.11:79347414::AAAGTAAACA	chr10	79347414		AAAGTAAACA	AAAGTAAACA		ENSG00000108179	PPIF	-0.761478664	-2.0678097722010675	11.73754891026957	10.304518323509802	Benjamini-Hochberg	1.0	chr10:81107169:G>GAAAGTAAACA
313	NC_000010.11:79347413::ATACTTACCT	chr10	79347413		ATACTTACCT	ATACTTACCT		ENSG00000108179	PPIF	-0.862157456	-2.8589068618166564	11.18775530319963	9.87942606879415	Benjamini-Hochberg	1.0	chr10:81107168:G>GATACTTACCT
314	NC_000010.11:79347297::GAATTTT	chr10	79347297		GAATTTT	GAATTTT		ENSG00000108179	PPIF	-0.0203666319999999	-0.0296861794703099	1.2948361680588778	1.2587398174572932	Benjamini-Hochberg	0.016727882	chr10:81107052:C>CGAATTTT
315	NC_000010.11:79347414:C:CCTAAGTAAAC	chr10	79347414	C	CCTAAGTAAAC	CCTAAGTAAAC	C	ENSG00000108179	PPIF	-0.760336456	-2.0609176222390637	9.844663962534938	9.094743951251548	Benjamini-Hochberg	1.0	chr10:81107169:G>GCCTAAGTAAA
316	NC_000010.11:79347298:G:TCGCC	chr10	79347298	G	TCGCC	TCGCC	G	ENSG00000108179	PPIF	0.0122907059999999	0.017623657500489	2.31357431631162	2.2412657961149267	Benjamini-Hochberg	0.121722692	chr10:81107054:G>TCGCC
317	NC_000010.11:79347413:G:AAGTGACGT	chr10	79347413	G	AAGTGACGT	AAGTGACGT	G	ENSG00000108179	PPIF	0.533494071	0.6168225886750771	7.609064892896621	7.196542884351586	Benjamini-Hochberg	1.0	chr10:81107169:G>AAGTGACGT
318	NC_000010.11:79347413:G:CTATGTAAA	chr10	79347413	G	CTATGTAAA	CTATGTAAA	G	ENSG00000108179	PPIF	-0.715887485	-1.8154657120372495	10.010550182333308	9.213248577854438	Benjamini-Hochberg	1.0	chr10:81107169:G>CTATGTAAA
319	NC_000010.11:79347415::TTCCGGT	chr10	79347415		TTCCGGT	TTCCGGT		ENSG00000108179	PPIF	0.002186188	0.0031505599812893	0.0767337702107379	0.0713720419912358	Benjamini-Hochberg	0.000349706	chr10:81107170:C>CTTCCGGT
320	NC_000010.11:79347414:CAG:GCTTCC	chr10	79347414	CAG	GCTTCC	GCTTCC	CAG	ENSG00000108179	PPIF	-0.0086982429999999	-0.0126038073439815	0.9112441386789067	0.8921811320647152	Benjamini-Hochberg	0.006455287	chr10:81107170:CAG>GCTTCC
321	NC_000010.11:79347414::TAAAGTAAA	chr10	79347414		TAAAGTAAA	TAAAGTAAA		ENSG00000108179	PPIF	-0.7396155010000001	-1.9412845291851584	8.978810700930062	8.359518563029578	Benjamini-Hochberg	1.0	chr10:81107169:G>GTAAAGTAAA
322	NC_000010.11:79347413:G:GTATATATAAG	chr10	79347413	G	GTATATATAAG	GTATATATAAG	G	ENSG00000108179	PPIF	-0.5267887609999999	-1.0794437560849517	8.177178354696895	7.688246138944246	Benjamini-Hochberg	1.0	chr10:81107168:G>GGTATATATAA
323	NC_000010.11:79347414::TAAATAAACA	chr10	79347414		TAAATAAACA	TAAATAAACA		ENSG00000108179	PPIF	-0.7169207870000001	-1.8207222813656077	6.716698771296451	6.384049948343599	Benjamini-Hochberg	0.999999999	chr10:81107169:G>GTAAATAAACA
324	NC_000010.11:79347414::TATATATATA	chr10	79347414		TATATATATA	TATATATATA		ENSG00000108179	PPIF	-0.592874465	-1.2964543844323742	8.434152181326482	7.928117992693875	Benjamini-Hochberg	1.0	chr10:81107169:G>GTATATATATA
325	NC_000010.11:79347414::TGTTTGTTTA	chr10	79347414		TGTTTGTTTA	TGTTTGTTTA		ENSG00000108179	PPIF	-0.762396985	-2.0733749519391265	10.39577394691553	9.442492798094342	Benjamini-Hochberg	1.0	chr10:81107169:G>GTGTTTGTTTA
326	NC_000010.11:79347444:G:AAGAGGAA	chr10	79347444	G	AAGAGGAA	AAGAGGAA	G	ENSG00000108179	PPIF	0.0914144279999999	0.1261990207184337	1.6731357889999432	1.61628421013611	Benjamini-Hochberg	0.037754499	chr10:81107200:G>AAGAGGAA
327	NC_000010.11:79347444::CTTCCGGTT	chr10	79347444		CTTCCGGTT	CTTCCGGTT		ENSG00000108179	PPIF	-0.0577463289999999	-0.0858125842779869	2.5310976002191925	2.446014841245	Benjamini-Hochberg	0.171583135	chr10:81107199:A>ACTTCCGGTT
328	NC_000010.11:79347443:A:ATTGTGCAATA	chr10	79347443	A	ATTGTGCAATA	ATTGTGCAATA	A	ENSG00000108179	PPIF	-0.1687186349999999	-0.2665912241665846	4.188424994129407	4.040481623027001	Benjamini-Hochberg	0.849689175	chr10:81107198:A>AATTGTGCAAT
329	NC_000010.11:79347442:A:ATGCACAGGTA	chr10	79347442	A	ATGCACAGGTA	ATGCACAGGTA	A	ENSG00000108179	PPIF	-0.546259413	-1.1400603806589311	13.18243463044022	11.172630726946174	Benjamini-Hochberg	1.0	chr10:81107198:A>ATGCACAGGTA
330	NC_000010.11:79347333:C:CCCACTTCC	chr10	79347333	C	CCCACTTCC	CCCACTTCC	C	ENSG00000108179	PPIF	0.3374398380000001	0.4194739962829974	7.640164517660112	7.221125527997261	Benjamini-Hochberg	1.0	chr10:81107088:G>GCCCACTTC
331	NC_000010.11:79347333:CG:GAAGTGAC	chr10	79347333	CG	GAAGTGAC	GAAGTGAC	CG	ENSG00000108179	PPIF	0.3078498519999999	0.3871969214101926	10.063486257521106	9.231361898752386	Benjamini-Hochberg	1.0	chr10:81107089:CG>GAAGTGAC
